{"id":1268309,"items":[{"id":1268310,"status":2,"title":"Home 1","order":0,"templateKey":null,"pageLinks":[]},{"id":1270538,"status":2,"title":"Blog Template","order":0,"templateKey":"blog","pageLinks":[]},{"id":1270539,"status":2,"title":"Login Template","order":0,"templateKey":"login","pageLinks":[]},{"id":1270540,"status":2,"title":"Product List Template","order":0,"templateKey":"products","pageLinks":[]},{"id":1270541,"status":2,"title":"Post Template","order":0,"templateKey":"post","pageLinks":[]},{"id":1270542,"status":2,"title":"404 Not Found Template","order":0,"templateKey":"404","pageLinks":[]},{"id":1270543,"status":2,"title":"Shopping Cart Template","order":0,"templateKey":"cart","pageLinks":[]},{"id":1270544,"status":2,"title":"Product Details Template","order":0,"templateKey":"product","pageLinks":[]}],"metaTags":null,"order":"0","headHtml":null,"customCss":null,"headerHtml":"<section class=\"u-clearfix u-header u-block-6c1a-1\" custom-posts-hash=\"[]\" data-style=\"header-imglogo-menu\" data-post-id=\"952584304\" data-section-properties=\"{&quot;grid-spacing&quot;:&quot;0&quot;,&quot;align&quot;:&quot;left&quot;,&quot;stretch&quot;:true}\" data-id=\"6c1a\" id=\"sec-6df1\">\n  <div class=\"u-clearfix u-sheet u-block-6c1a-2\">\n    \n    \n  <a href=\"#\" class=\"u-image u-logo u-block-6c1a-8\" data-brightness=\"\" data-image-width=\"1080\" data-image-height=\"1082\">\n      <img src=\"np://user.desktop.nicepage.com/Site_1268309/images/WhatsAppImage2022-01-19at4.12.01PM.jpeg\" class=\"u-logo-image u-block-6c1a-10\">\n    </a><h3 class=\"u-custom-font u-font-playfair-display u-headline u-text u-text-default u-block-6c1a-20\"><a href=\"/\">M. KRISHNAPPA<span style=\"font-weight: 700;\">​</span></a></h3><nav class=\"u-menu u-menu-dropdown u-offcanvas u-block-6c1a-11\" data-responsive-from=\"MD\">\n      <div class=\"menu-collapse\" style=\"font-size: 1rem; letter-spacing: 0px;\">\n        <a class=\"u-button-style u-custom-active-border-color u-custom-active-color u-custom-border u-custom-border-color u-custom-borders u-custom-hover-border-color u-custom-hover-color u-custom-left-right-menu-spacing u-custom-padding-bottom u-custom-text-active-color u-custom-text-color u-custom-text-hover-color u-custom-top-bottom-menu-spacing u-nav-link u-text-active-palette-1-base u-text-hover-palette-2-base\" href=\"#\" style=\"padding: 4px 0px; font-size: calc(1em + 8px);\"><svg class=\"u-svg-link\" viewBox=\"0 0 24 24\"><use xlink:href=\"#menu-hamburger\"></use></svg><svg class=\"u-svg-content\" version=\"1.1\" id=\"menu-hamburger\" viewBox=\"0 0 16 16\" x=\"0px\" y=\"0px\" xmlns:xlink=\"http://www.w3.org/1999/xlink\" xmlns=\"http://www.w3.org/2000/svg\">    <g>        <rect y=\"1\" width=\"16\" height=\"2\"></rect>        <rect y=\"7\" width=\"16\" height=\"2\"></rect>        <rect y=\"13\" width=\"16\" height=\"2\"></rect>    </g></svg></a>\n      </div>\n      <div class=\"u-custom-menu u-nav-container\">\n        <ul class=\"u-nav u-spacing-30 u-unstyled u-block-6c1a-17\"><li class=\"u-nav-item\"><a class=\"u-border-2 u-border-active-palette-1-base u-border-hover-palette-1-light-1 u-border-no-left u-border-no-right u-border-no-top u-button-style u-nav-link u-text-active-palette-1-base u-text-grey-90 u-text-hover-grey-90\" href=\"https://website1268309.nicepage.io/Home-1.html\" style=\"padding: 6px 0px;\">Home</a><div class=\"fake u-hidden u-nav-popup\"><ul class=\"u-nav u-unstyled u-block-6c1a-18\"><li class=\"u-nav-item\"><a class=\"u-button-style u-nav-link\" href=\"#\">Menu Item1</a></li><li class=\"u-nav-item\"><a class=\"u-button-style u-nav-link\" href=\"#\">Menu Item2</a></li><li class=\"u-nav-item\"><a class=\"u-button-style u-nav-link\" href=\"#\">Menu Item3</a></li></ul></div></li><li class=\"u-nav-item\"><a class=\"u-border-2 u-border-active-palette-1-base u-border-hover-palette-1-light-1 u-border-no-left u-border-no-right u-border-no-top u-button-style u-nav-link u-text-active-palette-1-base u-text-grey-90 u-text-hover-grey-90\" href=\"https://website1277581.nicepage.io/Gallery.html\" style=\"padding: 6px 0px;\">Gallery</a></li><li class=\"u-nav-item\"><a class=\"u-border-2 u-border-active-palette-1-base u-border-hover-palette-1-light-1 u-border-no-left u-border-no-right u-border-no-top u-button-style u-nav-link u-text-active-palette-1-base u-text-grey-90 u-text-hover-grey-90\" href=\"https://website1277581.nicepage.io/Contact.html\" style=\"padding: 6px 0px;\">Contact</a></li></ul>\n      </div>\n      <div class=\"u-custom-menu u-nav-container-collapse\">\n        <div class=\"u-black u-container-style u-inner-container-layout u-opacity u-opacity-95 u-sidenav u-block-6c1a-14\">\n          <div class=\"u-inner-container-layout u-sidenav-overflow\">\n            <div class=\"u-menu-close u-block-6c1a-15\"></div>\n            <ul class=\"u-align-center u-nav u-popupmenu-items u-unstyled u-block-6c1a-16\"><li class=\"u-nav-item\"><a class=\"u-button-style u-nav-link\" href=\"https://website1268309.nicepage.io/Home-1.html\" style=\"padding: 6px 0px;\">Home</a><div class=\"fake u-hidden u-nav-popup\"><ul class=\"u-nav u-unstyled u-block-6c1a-19\"><li class=\"u-nav-item\"><a class=\"u-button-style u-nav-link\" href=\"#\">Menu Item1</a></li><li class=\"u-nav-item\"><a class=\"u-button-style u-nav-link\" href=\"#\">Menu Item2</a></li><li class=\"u-nav-item\"><a class=\"u-button-style u-nav-link\" href=\"#\">Menu Item3</a></li></ul></div></li><li class=\"u-nav-item\"><a class=\"u-button-style u-nav-link\" href=\"https://website1277581.nicepage.io/Gallery.html\" style=\"padding: 6px 0px;\">Gallery</a></li><li class=\"u-nav-item\"><a class=\"u-button-style u-nav-link\" href=\"https://website1277581.nicepage.io/Contact.html\" style=\"padding: 6px 0px;\">Contact</a></li></ul>\n          </div>\n        </div>\n        <div class=\"u-black u-menu-overlay u-opacity u-opacity-70\"></div>\n      </div>\n    </nav></div>\n  <style data-mode=\"XL\">@media (min-width: 1200px){ .u-block-6c1a-1 {background-image: none}\n.u-block-6c1a-2 {min-height: 97px}\n.u-block-6c1a-8 {width: 63.875px; height: 64px; margin-top: 16.5px; margin-right: auto; margin-bottom: 0px; margin-left: 0px}\n.u-block-6c1a-10 {width: 100%; height: 100%}\n.u-block-6c1a-20 {font-weight: 700; margin-top: -50px; margin-left: auto; margin-right: auto; margin-bottom: 0px}\n.u-block-6c1a-11 {margin-top: -32.9844px; margin-right: 0px; margin-bottom: 33.5px; margin-left: auto}\n.u-block-6c1a-17 {font-size: 1rem; letter-spacing: 0px}\n.u-block-6c1a-18 {font-size: 1rem; letter-spacing: 0px}\n.u-block-6c1a-16 {font-size: 1rem; letter-spacing: 0px}\n.u-block-6c1a-19 {font-size: 1rem; letter-spacing: 0px} }</style>\n  <style data-mode=\"LG\">@media (max-width: 1199px) and (min-width: 992px){ .u-block-6c1a-1 {background-image: none}\n.u-block-6c1a-2 {min-height: 97px}\n.u-block-6c1a-8 {margin-top: 16.5px; margin-right: auto; margin-bottom: 0px; margin-left: 0px; width: 64px; height: 64px}\n.u-block-6c1a-10 {width: 100%; height: 100%}\n.u-block-6c1a-20 {font-weight: 700; margin-top: -50px; margin-right: auto; margin-bottom: 0px; margin-left: auto}\n.u-block-6c1a-11 {width: auto; margin-top: -33px; margin-right: 0px; margin-bottom: 33.5px; margin-left: auto}\n.u-block-6c1a-17 {font-size: 1rem; letter-spacing: 0px}\n.u-block-6c1a-18 {font-size: 1rem; letter-spacing: 0px}\n.u-block-6c1a-16 {font-size: 1rem; letter-spacing: 0px}\n.u-block-6c1a-19 {font-size: 1rem; letter-spacing: 0px} }</style>\n  <style data-mode=\"MD\">@media (max-width: 991px) and (min-width: 768px){ .u-block-6c1a-1 {background-image: none}\n.u-block-6c1a-2 {min-height: 97px}\n.u-block-6c1a-8 {margin-top: 16.5px; margin-right: auto; margin-bottom: 0px; margin-left: 0px; width: 64px; height: 64px}\n.u-block-6c1a-10 {width: 100%; height: 100%}\n.u-block-6c1a-20 {font-weight: 700; margin-top: -50px; margin-right: auto; margin-bottom: 0px; margin-left: auto}\n.u-block-6c1a-11 {width: auto; margin-top: -33px; margin-right: 0px; margin-bottom: 33.5px; margin-left: auto}\n.u-block-6c1a-17 {font-size: 1rem; letter-spacing: 0px}\n.u-block-6c1a-18 {font-size: 1rem; letter-spacing: 0px}\n.u-block-6c1a-16 {font-size: 1rem; letter-spacing: 0px}\n.u-block-6c1a-19 {font-size: 1rem; letter-spacing: 0px} }</style>\n  <style data-mode=\"SM\" data-visited=\"true\">@media (max-width: 767px) and (min-width: 576px){ .u-block-6c1a-1 {background-image: none}\n.u-block-6c1a-2 {min-height: 119px}\n.u-block-6c1a-8 {width: 64px; height: 64.1094px; margin-top: 27.4375px; margin-right: auto; margin-bottom: 0px; margin-left: 0px}\n.u-block-6c1a-10 {width: 100%; height: 100%}\n.u-block-6c1a-20 {font-weight: 700; width: auto; margin-top: -50px; margin-left: auto; margin-right: auto; margin-bottom: 0px}\n.u-block-6c1a-11 {width: auto; margin-top: -34.2032px; margin-right: 0px; margin-bottom: 43.7032px; margin-left: auto}\n.u-block-6c1a-17 {font-size: 1rem; letter-spacing: 0px}\n.u-block-6c1a-18 {font-size: 1rem; letter-spacing: 0px}\n.u-block-6c1a-16 {font-size: 1rem; letter-spacing: 0px}\n.u-block-6c1a-19 {font-size: 1rem; letter-spacing: 0px} }</style>\n  <style data-mode=\"XS\" data-visited=\"true\">@media (max-width: 575px){ .u-block-6c1a-1 {background-image: none}\n.u-block-6c1a-2 {min-height: 119px}\n.u-block-6c1a-8 {width: 64px; height: 64.1094px; margin-top: 27.4375px; margin-right: auto; margin-bottom: 0px; margin-left: 0px}\n.u-block-6c1a-10 {width: 100%; height: 100%}\n.u-block-6c1a-20 {font-weight: 700; width: auto; margin-top: -46.4532px; margin-left: auto; margin-right: auto; margin-bottom: 0px}\n.u-block-6c1a-11 {width: auto; margin-top: -30.3907px; margin-right: 12px; margin-bottom: 43.5px; margin-left: auto}\n.u-block-6c1a-17 {font-size: 1rem; letter-spacing: 0px}\n.u-block-6c1a-18 {font-size: 1rem; letter-spacing: 0px}\n.u-block-6c1a-16 {font-size: 1rem; letter-spacing: 0px}\n.u-block-6c1a-19 {font-size: 1rem; letter-spacing: 0px} }</style>\n</section>","footerHtml":"<section class=\"u-clearfix u-footer u-grey-80 u-block-c104-1\" custom-posts-hash=\"T\" data-style=\"footer-3-cols-6\" data-post-id=\"1561274752\" data-section-properties=\"{&quot;grid-spacing&quot;:&quot;30&quot;,&quot;spacingAdditional&quot;:&quot;none&quot;,&quot;align&quot;:&quot;center&quot;,&quot;stretch&quot;:true}\" data-id=\"c104\" id=\"sec-89e0\">\n  <div class=\"u-clearfix u-sheet u-block-c104-2\">\n    <div class=\"u-clearfix u-expanded-width u-gutter-30 u-layout-wrap u-block-c104-3\">\n      <div class=\"u-gutter-0 u-layout\">\n        <div class=\"u-layout-row\">\n          <div class=\"u-align-center-sm u-align-center-xs u-align-left-md u-align-left-xl u-container-style u-layout-cell u-left-cell u-size-20 u-size-20-md u-block-c104-4\">\n            <div class=\"u-container-layout u-block-c104-5\">\n              \n            <p class=\"u-align-left u-text u-block-c104-20\">​<span class=\"u-file-icon u-icon u-text-white u-block-c104-22\"><img src=\"np://user.desktop.nicepage.com/Site_1268309/images/1.png\" alt=\"\" data-original-src=\"//images01.nicepage.com/b329fc8026c0127e933285af/e3c601a532875c56a035d575/149769.png\" data-color=\"#000000\"></span>Kundapura​</p><a href=\"https://nicepage.com/c/pets-animals-html-templates\" class=\"u-active-none u-align-left u-bottom-left-radius-0 u-bottom-right-radius-0 u-btn u-btn-rectangle u-button-style u-hover-none u-none u-radius-0 u-text-body-color u-top-left-radius-0 u-top-right-radius-0 u-block-c104-23\"><span class=\"u-text-body-alt-color\">​</span><span class=\"u-icon u-text-white u-block-c104-24\"><svg xmlns=\"http://www.w3.org/2000/svg\" xmlns:xlink=\"http://www.w3.org/1999/xlink\" version=\"1.1\" xml:space=\"preserve\" class=\"u-svg-content\" viewBox=\"0 0 405.333 405.333\" x=\"0px\" y=\"0px\" style=\"width: 1em; height: 1em;\" data-color=\"#000000\"><path d=\"M373.333,266.88c-25.003,0-49.493-3.904-72.704-11.563c-11.328-3.904-24.192-0.896-31.637,6.699l-46.016,34.752    c-52.8-28.181-86.592-61.952-114.389-114.368l33.813-44.928c8.512-8.512,11.563-20.971,7.915-32.64    C142.592,81.472,138.667,56.96,138.667,32c0-17.643-14.357-32-32-32H32C14.357,0,0,14.357,0,32    c0,205.845,167.488,373.333,373.333,373.333c17.643,0,32-14.357,32-32V298.88C405.333,281.237,390.976,266.88,373.333,266.88z\"></path></svg><img></span><span class=\"u-text-body-alt-color\">&nbsp;+91 9606968413&nbsp;</span></a></div>\n          </div>\n          <div class=\"u-align-center-sm u-align-right-md u-container-style u-layout-cell u-size-20 u-size-20-md u-block-c104-7\">\n            <div class=\"u-container-layout u-valign-middle u-block-c104-8\">\n              <a href=\"https://nicepage.com\" class=\"u-image u-logo u-block-c104-9\" data-brightness=\"\">\n                <img src=\"np://user.desktop.nicepage.com/Site_1268309/images/default-logo.png\" class=\"u-logo-image u-block-c104-17\">\n              </a>\n            </div>\n          </div>\n          <div class=\"u-align-center-sm u-align-center-xs u-align-left-md u-align-right-lg u-align-right-xl u-container-style u-layout-cell u-right-cell u-size-20 u-size-20-md u-block-c104-10\">\n            <div class=\"u-container-layout u-valign-middle-xl u-block-c104-11\">\n              <div class=\"u-social-icons u-spacing-10 u-block-c104-12\"><a class=\"u-social-url\" title=\"facebook\" target=\"_blank\" href=\"\"><span class=\"u-icon u-social-facebook u-social-icon u-block-c104-18\"><svg class=\"u-svg-link\" preserveAspectRatio=\"xMidYMin slice\" viewBox=\"0 0 112 112\" style=\"\"><use xlink:href=\"#svg-f351\"></use></svg><svg xmlns=\"http://www.w3.org/2000/svg\" xmlns:xlink=\"http://www.w3.org/1999/xlink\" version=\"1.1\" xml:space=\"preserve\" class=\"u-svg-content\" viewBox=\"0 0 112 112\" x=\"0\" y=\"0\" id=\"svg-f351\" data-color=\"#3b5998\"><circle fill=\"currentColor\" cx=\"56.1\" cy=\"56.1\" r=\"55\"></circle><path fill=\"#FFFFFF\" d=\"M73.5,31.6h-9.1c-1.4,0-3.6,0.8-3.6,3.9v8.5h12.6L72,58.3H60.8v40.8H43.9V58.3h-8V43.9h8v-9.2\n            c0-6.7,3.1-17,17-17h12.5v13.9H73.5z\"></path></svg></span></a><a class=\"u-social-url\" title=\"instagram\" target=\"_blank\" href=\"\"><span class=\"u-icon u-social-icon u-social-instagram u-block-c104-19\"><svg class=\"u-svg-link\" preserveAspectRatio=\"xMidYMin slice\" viewBox=\"0 0 112 112\" style=\"\"><use xlink:href=\"#svg-92b4\"></use></svg><svg xmlns=\"http://www.w3.org/2000/svg\" xmlns:xlink=\"http://www.w3.org/1999/xlink\" version=\"1.1\" xml:space=\"preserve\" class=\"u-svg-content\" viewBox=\"0 0 112 112\" x=\"0\" y=\"0\" id=\"svg-92b4\" data-color=\"#c536a4\"><circle fill=\"currentColor\" cx=\"56.1\" cy=\"56.1\" r=\"55\"></circle><path fill=\"#FFFFFF\" d=\"M55.9,38.2c-9.9,0-17.9,8-17.9,17.9C38,66,46,74,55.9,74c9.9,0,17.9-8,17.9-17.9C73.8,46.2,65.8,38.2,55.9,38.2\n            z M55.9,66.4c-5.7,0-10.3-4.6-10.3-10.3c-0.1-5.7,4.6-10.3,10.3-10.3c5.7,0,10.3,4.6,10.3,10.3C66.2,61.8,61.6,66.4,55.9,66.4z\"></path><path fill=\"#FFFFFF\" d=\"M74.3,33.5c-2.3,0-4.2,1.9-4.2,4.2s1.9,4.2,4.2,4.2s4.2-1.9,4.2-4.2S76.6,33.5,74.3,33.5z\"></path><path fill=\"#FFFFFF\" d=\"M73.1,21.3H38.6c-9.7,0-17.5,7.9-17.5,17.5v34.5c0,9.7,7.9,17.6,17.5,17.6h34.5c9.7,0,17.5-7.9,17.5-17.5V38.8\n            C90.6,29.1,82.7,21.3,73.1,21.3z M83,73.3c0,5.5-4.5,9.9-9.9,9.9H38.6c-5.5,0-9.9-4.5-9.9-9.9V38.8c0-5.5,4.5-9.9,9.9-9.9h34.5\n            c5.5,0,9.9,4.5,9.9,9.9V73.3z\"></path></svg></span></a></div>\n            </div>\n          </div>\n        </div>\n      </div>\n    </div>\n  <h4 class=\"u-align-center u-text u-text-default u-block-c104-25\">Website made By Groweb</h4><a href=\"www.growebtech.in\" class=\"u-active-none u-align-center u-border-2 u-border-palette-1-base u-bottom-left-radius-0 u-bottom-right-radius-0 u-btn u-btn-rectangle u-button-style u-hover-none u-none u-radius-0 u-text-palette-4-dark-2 u-top-left-radius-0 u-top-right-radius-0 u-block-c104-26\">www.growebtech.in</a><div class=\"u-social-icons u-spacing-10 u-block-c104-27\">\n    <a class=\"u-social-url\" title=\"facebook\" target=\"_blank\" href=\"https://facebook.com/name\"><span class=\"u-icon u-social-facebook u-social-icon u-text-palette-1-base u-block-c104-28\"><svg class=\"u-svg-link\" preserveAspectRatio=\"xMidYMin slice\" viewBox=\"0 0 112 112\" style=\"\"><use xlink:href=\"#svg-8153\"></use></svg><svg xmlns=\"http://www.w3.org/2000/svg\" xmlns:xlink=\"http://www.w3.org/1999/xlink\" version=\"1.1\" xml:space=\"preserve\" class=\"u-svg-content\" viewBox=\"0 0 112 112\" x=\"0\" y=\"0\" id=\"svg-8153\" data-color=\"#3b5998\"><circle fill=\"currentColor\" cx=\"56.1\" cy=\"56.1\" r=\"55\"></circle><path fill=\"#FFFFFF\" d=\"M73.5,31.6h-9.1c-1.4,0-3.6,0.8-3.6,3.9v8.5h12.6L72,58.3H60.8v40.8H43.9V58.3h-8V43.9h8v-9.2\nc0-6.7,3.1-17,17-17h12.5v13.9H73.5z\"></path></svg></span></a>\n    <a class=\"u-social-url\" title=\"twitter\" target=\"_blank\" href=\"https://twitter.com/name\"><span class=\"u-icon u-social-icon u-social-twitter u-text-palette-1-base u-block-c104-29\"><svg class=\"u-svg-link\" preserveAspectRatio=\"xMidYMin slice\" viewBox=\"0 0 112 112\" style=\"\"><use xlink:href=\"#svg-476c\"></use></svg><svg xmlns=\"http://www.w3.org/2000/svg\" xmlns:xlink=\"http://www.w3.org/1999/xlink\" version=\"1.1\" xml:space=\"preserve\" class=\"u-svg-content\" viewBox=\"0 0 112 112\" x=\"0\" y=\"0\" id=\"svg-476c\" data-color=\"#55acee\"><circle fill=\"currentColor\" class=\"st0\" cx=\"56.1\" cy=\"56.1\" r=\"55\"></circle><path fill=\"#FFFFFF\" d=\"M83.8,47.3c0,0.6,0,1.2,0,1.7c0,17.7-13.5,38.2-38.2,38.2C38,87.2,31,85,25,81.2c1,0.1,2.1,0.2,3.2,0.2\nc6.3,0,12.1-2.1,16.7-5.7c-5.9-0.1-10.8-4-12.5-9.3c0.8,0.2,1.7,0.2,2.5,0.2c1.2,0,2.4-0.2,3.5-0.5c-6.1-1.2-10.8-6.7-10.8-13.1\nc0-0.1,0-0.1,0-0.2c1.8,1,3.9,1.6,6.1,1.7c-3.6-2.4-6-6.5-6-11.2c0-2.5,0.7-4.8,1.8-6.7c6.6,8.1,16.5,13.5,27.6,14\nc-0.2-1-0.3-2-0.3-3.1c0-7.4,6-13.4,13.4-13.4c3.9,0,7.3,1.6,9.8,4.2c3.1-0.6,5.9-1.7,8.5-3.3c-1,3.1-3.1,5.8-5.9,7.4\nc2.7-0.3,5.3-1,7.7-2.1C88.7,43,86.4,45.4,83.8,47.3z\"></path></svg></span></a>\n    <a class=\"u-social-url\" title=\"instagram\" target=\"_blank\" href=\"https://instagram.com/name\"><span class=\"u-icon u-social-icon u-social-instagram u-text-palette-1-base u-block-c104-30\"><svg class=\"u-svg-link\" preserveAspectRatio=\"xMidYMin slice\" viewBox=\"0 0 112 112\" style=\"\"><use xlink:href=\"#svg-f8ba\"></use></svg><svg xmlns=\"http://www.w3.org/2000/svg\" xmlns:xlink=\"http://www.w3.org/1999/xlink\" version=\"1.1\" xml:space=\"preserve\" class=\"u-svg-content\" viewBox=\"0 0 112 112\" x=\"0\" y=\"0\" id=\"svg-f8ba\" data-color=\"#c536a4\"><circle fill=\"currentColor\" cx=\"56.1\" cy=\"56.1\" r=\"55\"></circle><path fill=\"#FFFFFF\" d=\"M55.9,38.2c-9.9,0-17.9,8-17.9,17.9C38,66,46,74,55.9,74c9.9,0,17.9-8,17.9-17.9C73.8,46.2,65.8,38.2,55.9,38.2\nz M55.9,66.4c-5.7,0-10.3-4.6-10.3-10.3c-0.1-5.7,4.6-10.3,10.3-10.3c5.7,0,10.3,4.6,10.3,10.3C66.2,61.8,61.6,66.4,55.9,66.4z\"></path><path fill=\"#FFFFFF\" d=\"M74.3,33.5c-2.3,0-4.2,1.9-4.2,4.2s1.9,4.2,4.2,4.2s4.2-1.9,4.2-4.2S76.6,33.5,74.3,33.5z\"></path><path fill=\"#FFFFFF\" d=\"M73.1,21.3H38.6c-9.7,0-17.5,7.9-17.5,17.5v34.5c0,9.7,7.9,17.6,17.5,17.6h34.5c9.7,0,17.5-7.9,17.5-17.5V38.8\nC90.6,29.1,82.7,21.3,73.1,21.3z M83,73.3c0,5.5-4.5,9.9-9.9,9.9H38.6c-5.5,0-9.9-4.5-9.9-9.9V38.8c0-5.5,4.5-9.9,9.9-9.9h34.5\nc5.5,0,9.9,4.5,9.9,9.9V73.3z\"></path></svg></span></a>\n</div></div>\n  <style data-mode=\"XL\" data-visited=\"true\">@media (min-width: 1200px){ .u-block-c104-2 {min-height: 378px}\n.u-block-c104-3 {margin-top: 60px; margin-left: 0px; margin-right: 0px; margin-bottom: 0px}\n.u-block-c104-4 {min-height: 163px}\n.u-block-c104-5 {padding-top: 20px; padding-bottom: 20px; padding-left: 22.7274px; padding-right: 22.7274px}\n.u-block-c104-20 {margin-top: 0.0002px; margin-right: 197.073px; margin-bottom: 0px; margin-left: 0px}\n.u-block-c104-22 {font-size: 1.375em; margin-bottom: 0px}\n.u-block-c104-23 {background-image: none; border-style: none; margin-top: -0.0138px; margin-right: auto; margin-bottom: 0px; margin-left: 0px; padding-top: 0px; padding-bottom: 0px; padding-left: 0px; padding-right: 0px}\n.u-block-c104-24 {font-size: 1.3126em}\n.u-block-c104-7 {min-height: 121px}\n.u-block-c104-8 {padding-left: 0px; padding-right: 0px; padding-top: 20px; padding-bottom: 20px}\n.u-block-c104-9 {width: 80px; height: 40px; margin-top: 0px; margin-bottom: 0px; margin-left: auto; margin-right: auto}\n.u-block-c104-17 {width: 100%; height: 100%}\n.u-block-c104-10 {min-height: 121px}\n.u-block-c104-11 {padding-left: 0px; padding-right: 0px; padding-top: 20px; padding-bottom: 20px}\n.u-block-c104-12 {white-space: nowrap; height: 24.1875px; min-height: 16px; width: 58.375px; min-width: 42px; margin-top: 0px; margin-right: 20px; margin-bottom: 0px; margin-left: auto}\n.u-block-c104-18 {color: rgb(59, 89, 152) !important}\n.u-block-c104-19 {color: rgb(197, 54, 164) !important}\n.u-block-c104-25 {margin-top: 6.363px; margin-left: auto; margin-right: auto; margin-bottom: 0px}\n.u-block-c104-26 {background-image: none; border-style: none none solid; margin-top: 0px; margin-bottom: 0px; margin-left: auto; margin-right: auto; padding-top: 0px; padding-bottom: 0px; padding-left: 0px; padding-right: 0px}\n.u-block-c104-27 {height: 31.9893px; min-height: 16px; width: 115.952px; min-width: 68px; margin-top: 6.4203px; margin-left: auto; margin-right: auto; margin-bottom: 60px}\n.u-block-c104-28 {height: 100%}\n.u-block-c104-29 {height: 100%}\n.u-block-c104-30 {height: 100%} }</style>\n  <style data-mode=\"LG\" data-visited=\"true\">@media (max-width: 1199px) and (min-width: 992px){ .u-block-c104-2 {min-height: 349px}\n.u-block-c104-3 {margin-top: 60px; margin-bottom: 0px}\n.u-block-c104-4 {min-height: 134px}\n.u-block-c104-5 {padding-left: 24.7369px; padding-right: 24.7369px; padding-top: 20px; padding-bottom: 20px}\n.u-block-c104-20 {margin-bottom: 0px; margin-top: 0.0002px; margin-right: 130px; margin-left: 0px}\n.u-block-c104-22 {font-size: 1.375em; margin-bottom: 0px}\n.u-block-c104-23 {background-image: none; border-style: none; margin-top: 0px; margin-right: auto; margin-bottom: 0px; margin-left: 0px; padding-top: 0px; padding-bottom: 0px; padding-left: 0px; padding-right: 0px}\n.u-block-c104-24 {font-size: 1.3126em}\n.u-block-c104-7 {min-height: 121px}\n.u-block-c104-8 {padding-left: 0px; padding-right: 0px; padding-top: 20px; padding-bottom: 20px}\n.u-block-c104-9 {margin-left: auto; margin-right: auto; margin-top: 0px; margin-bottom: 0px; width: 80px; height: 40px}\n.u-block-c104-17 {width: 100%; height: 100%}\n.u-block-c104-10 {min-height: 138px}\n.u-block-c104-11 {padding-left: 24.737px; padding-right: 24.737px; padding-top: 20px; padding-bottom: 20px}\n.u-block-c104-12 {white-space: nowrap; height: 40px; min-height: 16px; width: 90px; min-width: 42px; margin-top: 14.4px; margin-right: 13.988px; margin-bottom: 0px; margin-left: auto}\n.u-block-c104-18 {color: rgb(59, 89, 152) !important}\n.u-block-c104-19 {color: rgb(197, 54, 164) !important}\n.u-block-c104-25 {margin-top: 6.363px; margin-right: auto; margin-bottom: 0px; margin-left: auto}\n.u-block-c104-26 {background-image: none; border-style: none none solid; margin-top: 0px; margin-left: auto; margin-right: auto; margin-bottom: 0px; padding-top: 0px; padding-bottom: 0px; padding-left: 0px; padding-right: 0px}\n.u-block-c104-27 {height: 31.9893px; min-height: 16px; width: 115.9679px; min-width: 68px; margin-top: 6.4203px; margin-left: auto; margin-right: auto; margin-bottom: 60px}\n.u-block-c104-28 {height: 100%}\n.u-block-c104-29 {height: 100%}\n.u-block-c104-30 {height: 100%} }</style>\n  <style data-mode=\"MD\" data-visited=\"true\">@media (max-width: 991px) and (min-width: 768px){ .u-block-c104-2 {min-height: 315px}\n.u-block-c104-3 {margin-top: 60px; margin-bottom: 0px}\n.u-block-c104-4 {min-height: 100px}\n.u-block-c104-5 {padding-top: 20px; padding-bottom: 20px; padding-left: 22.7274px; padding-right: 22.7274px}\n.u-block-c104-20 {margin-bottom: 0px; margin-top: 0.0002px; margin-right: 57px; margin-left: 0px}\n.u-block-c104-22 {font-size: 1.375em; margin-bottom: 0px}\n.u-block-c104-23 {background-image: none; border-style: none; margin-top: 0px; margin-right: auto; margin-bottom: 0px; margin-left: 0px; padding-top: 0px; padding-bottom: 0px; padding-left: 0px; padding-right: 0px}\n.u-block-c104-24 {font-size: 1.3126em}\n.u-block-c104-7 {min-height: 121px}\n.u-block-c104-8 {padding-left: 0px; padding-right: 0px; padding-top: 20px; padding-bottom: 20px}\n.u-block-c104-9 {margin-right: 20px; margin-left: auto; margin-top: 0px; margin-bottom: 0px; width: 80px; height: 40px}\n.u-block-c104-17 {width: 100%; height: 100%}\n.u-block-c104-10 {min-height: 138px}\n.u-block-c104-11 {padding-top: 20px; padding-bottom: 20px; padding-left: 30px; padding-right: 30px}\n.u-block-c104-12 {white-space: nowrap; height: 35.9375px; min-height: 16px; width: 81.875px; min-width: 42px; margin-top: 14.4px; margin-right: 13.988px; margin-bottom: 0px; margin-left: auto}\n.u-block-c104-18 {color: rgb(59, 89, 152) !important}\n.u-block-c104-19 {color: rgb(197, 54, 164) !important}\n.u-block-c104-25 {margin-top: 6.363px; margin-right: auto; margin-bottom: 0px; margin-left: auto}\n.u-block-c104-26 {background-image: none; border-style: none none solid; margin-top: 0px; margin-left: auto; margin-right: auto; margin-bottom: 0px; padding-top: 0px; padding-bottom: 0px; padding-left: 0px; padding-right: 0px}\n.u-block-c104-27 {height: 31.9893px; min-height: 16px; width: 115.9679px; min-width: 68px; margin-top: 6.4203px; margin-left: auto; margin-right: auto; margin-bottom: 60px}\n.u-block-c104-28 {height: 100%}\n.u-block-c104-29 {height: 100%}\n.u-block-c104-30 {height: 100%} }</style>\n  <style data-mode=\"SM\" data-visited=\"true\">@media (max-width: 767px) and (min-width: 576px){ .u-block-c104-2 {min-height: 488px}\n.u-block-c104-3 {margin-top: 60px; margin-bottom: 0px}\n.u-block-c104-4 {min-height: 100px}\n.u-block-c104-5 {padding-top: 20px; padding-bottom: 20px; padding-left: 10px; padding-right: 10px}\n.u-block-c104-20 {margin-bottom: 0px; margin-top: 0.0002px; margin-right: 57px; margin-left: 0px}\n.u-block-c104-22 {font-size: 1.375em; margin-bottom: 0px}\n.u-block-c104-23 {background-image: none; border-style: none; margin-top: 0px; margin-right: auto; margin-bottom: 0px; margin-left: 0px; padding-top: 0px; padding-bottom: 0px; padding-left: 0px; padding-right: 0px}\n.u-block-c104-24 {font-size: 1.3126em; color: rgb(0, 0, 0) !important}\n.u-block-c104-7 {min-height: 121px}\n.u-block-c104-8 {padding-left: 0px; padding-right: 0px; padding-top: 20px; padding-bottom: 20px}\n.u-block-c104-9 {margin-left: auto; margin-right: auto; margin-top: 0px; margin-bottom: 0px; width: 80px; height: 40px}\n.u-block-c104-17 {width: 100%; height: 100%}\n.u-block-c104-10 {min-height: 121px}\n.u-block-c104-11 {padding-top: 20px; padding-bottom: 20px; padding-left: 10px; padding-right: 10px}\n.u-block-c104-12 {white-space: nowrap; height: 40.6px; min-height: 16px; width: 91.2px; min-width: 42px; margin-top: 14.4px; margin-bottom: 0px; margin-left: auto; margin-right: 13.988px}\n.u-block-c104-18 {color: rgb(59, 89, 152) !important}\n.u-block-c104-19 {color: rgb(197, 54, 164) !important}\n.u-block-c104-25 {margin-top: 6.363px; margin-right: auto; margin-bottom: 0px; margin-left: auto}\n.u-block-c104-26 {background-image: none; border-style: none none solid; margin-top: 0px; margin-left: auto; margin-right: auto; margin-bottom: 0px; padding-top: 0px; padding-bottom: 0px; padding-left: 0px; padding-right: 0px}\n.u-block-c104-27 {height: 31.9893px; min-height: 16px; width: 115.9679px; min-width: 68px; margin-top: 6.4203px; margin-left: auto; margin-right: auto; margin-bottom: 60px}\n.u-block-c104-28 {height: 100%}\n.u-block-c104-29 {height: 100%}\n.u-block-c104-30 {height: 100%} }</style>\n  <style data-mode=\"XS\" data-visited=\"true\">@media (max-width: 575px){ .u-block-c104-2 {min-height: 424px}\n.u-block-c104-3 {margin-top: 60px; margin-bottom: 0px}\n.u-block-c104-4 {min-height: 139px}\n.u-block-c104-5 {padding-top: 20px; padding-bottom: 20px; padding-left: 0px; padding-right: 0px}\n.u-block-c104-20 {width: auto; margin-top: 0.0002px; margin-right: 20px; margin-bottom: 0px; margin-left: 0px}\n.u-block-c104-22 {font-size: 1.375em; margin-bottom: 0px}\n.u-block-c104-23 {background-image: none; border-style: none; margin-top: -0.1875px; margin-right: auto; margin-bottom: 0px; margin-left: 0px; padding-top: 0px; padding-bottom: 0px; padding-left: 0px; padding-right: 0px}\n.u-block-c104-24 {font-size: 1.3126em; color: rgb(0, 0, 0) !important}\n.u-block-c104-7 {min-height: 121px}\n.u-block-c104-8 {padding-left: 0px; padding-right: 0px; padding-top: 20px; padding-bottom: 20px}\n.u-block-c104-9 {margin-left: auto; margin-right: auto; margin-top: 0px; margin-bottom: 0px; width: 80px; height: 40px}\n.u-block-c104-17 {width: 100%; height: 100%}\n.u-block-c104-10 {min-height: 122px}\n.u-block-c104-11 {padding-top: 18.05px; padding-bottom: 18.05px; padding-left: 10px; padding-right: 10px}\n.u-block-c104-12 {white-space: nowrap; height: 31.225px; min-height: 16px; width: 72.4625px; min-width: 42px; margin-top: 24.675px; margin-left: auto; margin-right: 13.988px; margin-bottom: -1.95px}\n.u-block-c104-18 {color: rgb(59, 89, 152) !important}\n.u-block-c104-19 {color: rgb(197, 54, 164) !important}\n.u-block-c104-25 {margin-top: 6.363px; margin-right: auto; margin-bottom: 0px; margin-left: auto}\n.u-block-c104-26 {background-image: none; border-style: none none solid; margin-top: 0px; margin-left: auto; margin-right: auto; margin-bottom: 0px; padding-top: 0px; padding-bottom: 0px; padding-left: 0px; padding-right: 0px}\n.u-block-c104-27 {height: 31.9893px; min-height: 16px; width: 115.9679px; min-width: 68px; margin-top: 6.4203px; margin-left: auto; margin-right: auto; margin-bottom: 60px}\n.u-block-c104-28 {height: 100%}\n.u-block-c104-29 {height: 100%}\n.u-block-c104-30 {height: 100%} }</style>\n</section>","hideBacklink":null,"homePageId":1268310,"dateUpdated":1642609144620,"settings":"{\"id\":0,\"colorScheme\":{\"bodyColors\":[\"#111111\",\"#ffffff\"],\"bgColor\":\"#ffffff\",\"colors\":[\"#c0cddd\",\"#f24b00\",\"#ecdc13\",\"#98c81e\",\"#b9c1cc\"],\"shadingContrast\":\"body-alt-color\",\"whiteContrast\":\"body-color\",\"bgContrast\":\"body-color\",\"name\":\"u15\",\"customColors\":[]},\"fontScheme\":{\"name\":\"Roboto-OpenSans\",\"default\":true,\"isDefault\":true,\"fonts\":{\"heading\":\"Roboto, sans-serif\",\"text\":\"Open Sans, sans-serif\",\"accent\":\"Arial, sans-serif\",\"headingTitle\":\"Roboto\",\"textTitle\":\"Open Sans\"}},\"typography\":{\"name\":\"Normal\",\"isDefault\":true,\"title\":{\"font-weight\":\"400\",\"font-size\":4.5,\"line-height\":\"1_1\",\"margin-top\":20,\"margin-bottom\":20,\"SM\":{\"font-size\":3.75},\"XS\":{\"font-size\":3}},\"subtitle\":{\"font-weight\":\"400\",\"font-size\":2.25,\"line-height\":\"1_1\",\"margin-top\":20,\"margin-bottom\":20,\"XS\":{\"font-size\":1.5}},\"h1\":{\"font-weight\":\"400\",\"font-size\":3,\"line-height\":\"1_1\",\"margin-top\":20,\"margin-bottom\":20,\"XS\":{\"font-size\":1.875}},\"h2\":{\"font-weight\":\"400\",\"font-size\":2.25,\"line-height\":\"1_1\",\"margin-top\":20,\"margin-bottom\":20,\"XS\":{\"font-size\":1.5}},\"h3\":{\"font-weight\":\"400\",\"font-size\":1.875,\"line-height\":\"1_2\",\"margin-top\":20,\"margin-bottom\":20,\"XS\":{\"font-size\":1.5}},\"h4\":{\"font-weight\":\"400\",\"font-size\":1.5,\"line-height\":\"1_2\",\"margin-top\":20,\"margin-bottom\":20},\"h5\":{\"font-weight\":\"400\",\"font-size\":1.25,\"line-height\":\"1_2\",\"margin-top\":20,\"margin-bottom\":20},\"h6\":{\"font-weight\":\"400\",\"font-size\":1.125,\"line-height\":\"1_2\",\"margin-top\":20,\"margin-bottom\":20},\"largeText\":{\"font-size\":1.25,\"margin-top\":20,\"margin-bottom\":20},\"smallText\":{\"font-size\":0.875,\"margin-top\":20,\"margin-bottom\":20},\"text\":{\"margin-top\":20,\"margin-bottom\":20},\"hyperlink\":{\"text-color\":\"palette-1-base\"},\"link\":{},\"button\":{\"color\":\"palette-1-base\",\"margin-top\":20,\"margin-bottom\":20},\"blockquote\":{\"font-style\":\"italic\",\"indent\":20,\"border\":4,\"border-color\":\"palette-1-base\",\"margin-top\":20,\"margin-bottom\":20},\"metadata\":{\"margin-top\":20,\"margin-bottom\":20},\"list\":{\"margin-top\":20,\"margin-bottom\":20},\"orderedlist\":{\"margin-top\":20,\"margin-bottom\":20},\"postContent\":{\"margin-top\":20,\"margin-bottom\":20},\"theme\":{\"gradient\":\"\",\"image\":\"\"},\"htmlBaseSize\":16},\"backToTop\":\"<span style=\\\"height: 64px; width: 64px; margin-left: 0px; margin-right: auto; margin-top: 0px; background-image: none; right: 20px; bottom: 20px\\\" class=\\\"u-back-to-top u-icon u-icon-circle u-opacity u-opacity-85 u-palette-1-base u-spacing-15\\\" data-href=\\\"#\\\">\\n        <svg class=\\\"u-svg-link\\\" preserveAspectRatio=\\\"xMidYMin slice\\\" viewBox=\\\"0 0 551.13 551.13\\\">\\n            <use xmlns:xlink=\\\"http://www.w3.org/1999/xlink\\\" xlink:href=\\\"#svg-1d98\\\"></use>\\n        </svg>\\n        <svg class=\\\"u-svg-content\\\" enable-background=\\\"new 0 0 551.13 551.13\\\" viewBox=\\\"0 0 551.13 551.13\\\" xmlns=\\\"http://www.w3.org/2000/svg\\\" id=\\\"svg-1d98\\\">\\n            <path d=\\\"m275.565 189.451 223.897 223.897h51.668l-275.565-275.565-275.565 275.565h51.668z\\\"></path>\\n        </svg>\\n    </span>\",\"cookiesSection\":\"<section class=\\\"u-align-center u-block-78dc-1 u-clearfix u-cookies-consent u-grey-80\\\" custom-posts-hash=\\\"T\\\" style=\\\"background-image: none\\\" data-post-id=\\\"1\\\" data-section-properties=\\\"{&quot;stretch&quot;:true}\\\" data-id=\\\"78dc\\\" data-posts-content=\\\"[{'images':[],'maps':[],'videos':[],'icons':[],'textWidth':874,'textHeight':152,'id':1,'headingProp':'h3','textProp':'text'}]\\\" data-style=\\\"cookie-1\\\" id=\\\"sec-047b\\\" data-source=\\\"\\\">\\n  <div class=\\\"u-block-78dc-2 u-clearfix u-sheet u-valign-middle\\\" style=\\\"min-height: 212px\\\" data-state=\\\"{&quot;margin-top&quot;:{&quot;shouldApplyDefaultMargins&quot;:{&quot;XL&quot;:false,&quot;LG&quot;:false,&quot;MD&quot;:false,&quot;SM&quot;:false,&quot;XS&quot;:false},&quot;parentVerticalAlign&quot;:{&quot;XL&quot;:&quot;middle&quot;,&quot;LG&quot;:&quot;middle&quot;,&quot;MD&quot;:&quot;middle&quot;,&quot;SM&quot;:&quot;middle&quot;,&quot;XS&quot;:&quot;middle&quot;}},&quot;margin-bottom&quot;:{&quot;shouldApplyDefaultMargins&quot;:{&quot;XL&quot;:false,&quot;LG&quot;:false,&quot;MD&quot;:false,&quot;SM&quot;:false,&quot;XS&quot;:false},&quot;parentVerticalAlign&quot;:{&quot;XL&quot;:&quot;middle&quot;,&quot;LG&quot;:&quot;middle&quot;,&quot;MD&quot;:&quot;middle&quot;,&quot;SM&quot;:&quot;middle&quot;,&quot;XS&quot;:&quot;middle&quot;}}}\\\" data-height-lg=\\\"158\\\" data-height-md=\\\"131\\\" data-height-sm=\\\"106\\\" data-height-xs=\\\"225\\\">\\n    <div class=\\\"u-block-78dc-7 u-clearfix u-expanded-width u-layout-wrap\\\" style=\\\"margin-top: 30px; margin-bottom: 30px\\\" data-state=\\\"{&quot;margin-top&quot;:{&quot;shouldApplyDefaultMargins&quot;:{&quot;XL&quot;:false,&quot;LG&quot;:false,&quot;MD&quot;:false,&quot;SM&quot;:true,&quot;XS&quot;:true},&quot;parentVerticalAlign&quot;:{&quot;XL&quot;:&quot;middle&quot;,&quot;LG&quot;:&quot;middle&quot;,&quot;MD&quot;:&quot;middle&quot;,&quot;SM&quot;:&quot;middle&quot;,&quot;XS&quot;:&quot;middle&quot;}},&quot;margin-bottom&quot;:{&quot;shouldApplyDefaultMargins&quot;:{&quot;XL&quot;:false,&quot;LG&quot;:false,&quot;MD&quot;:false,&quot;SM&quot;:true,&quot;XS&quot;:true},&quot;parentVerticalAlign&quot;:{&quot;XL&quot;:&quot;middle&quot;,&quot;LG&quot;:&quot;middle&quot;,&quot;MD&quot;:&quot;middle&quot;,&quot;SM&quot;:&quot;middle&quot;,&quot;XS&quot;:&quot;middle&quot;}}}\\\">\\n      <div class=\\\"u-gutter-0 u-layout\\\">\\n        <div class=\\\"u-layout-row\\\">\\n          <div class=\\\"u-block-78dc-8 u-container-style u-layout-cell u-left-cell u-size-43-md u-size-43-sm u-size-43-xs u-size-46-lg u-size-46-xl\\\" style=\\\"min-height: 152px\\\" data-state=\\\"{&quot;min-height&quot;:{&quot;expandedParent&quot;:{&quot;XL&quot;:true,&quot;LG&quot;:true,&quot;MD&quot;:true,&quot;SM&quot;:true,&quot;XS&quot;:true},&quot;cellMultiplier&quot;:{&quot;XL&quot;:1,&quot;LG&quot;:1,&quot;MD&quot;:0.9347826086956521,&quot;SM&quot;:1.3953488372093024,&quot;XS&quot;:1},&quot;canCollapse&quot;:{&quot;XL&quot;:false,&quot;LG&quot;:false,&quot;MD&quot;:true,&quot;SM&quot;:true,&quot;XS&quot;:true}}}\\\">\\n            <div class=\\\"u-block-78dc-9 u-container-layout u-valign-middle\\\" style=\\\"padding-top: 30px; padding-bottom: 30px; padding-left: 60px; padding-right: 60px\\\" data-state=\\\"{&quot;min-height&quot;:{&quot;canCollapse&quot;:{&quot;XL&quot;:false,&quot;LG&quot;:false,&quot;MD&quot;:false,&quot;SM&quot;:false,&quot;XS&quot;:false}}}\\\">\\n              <h3 class=\\\"u-block-78dc-6 u-text u-text-default\\\" style=\\\"margin-top: 0px; margin-right: 20px; margin-bottom: 0px;\\\">Cookies &amp; Privacy</h3>\\n              <p class=\\\"u-block-78dc-5 u-text u-text-default\\\" style=\\\"margin: 8px 20px 0px 0px;\\\">This website uses cookies to ensure you get the best experience on our website.</p>\\n            </div>\\n          </div>\\n          <div class=\\\"u-align-left u-block-78dc-10 u-container-style u-layout-cell u-right-cell u-size-14-lg u-size-14-xl u-size-17-md u-size-17-sm u-size-17-xs\\\" style=\\\"min-height: 152px\\\" data-state=\\\"{&quot;min-height&quot;:{&quot;expandedParent&quot;:{&quot;XL&quot;:true,&quot;LG&quot;:true,&quot;MD&quot;:true,&quot;SM&quot;:true,&quot;XS&quot;:true},&quot;cellMultiplier&quot;:{&quot;XL&quot;:1,&quot;LG&quot;:1,&quot;MD&quot;:1.2142857142857142,&quot;SM&quot;:3.5294117647058822,&quot;XS&quot;:1},&quot;canCollapse&quot;:{&quot;XL&quot;:false,&quot;LG&quot;:false,&quot;MD&quot;:true,&quot;SM&quot;:true,&quot;XS&quot;:true}}}\\\">\\n            <div class=\\\"u-block-78dc-11 u-container-layout u-valign-middle-lg u-valign-middle-md u-valign-middle-xl u-valign-top-sm u-valign-top-xs\\\" style=\\\"padding-top: 30px; padding-bottom: 30px; padding-left: 30px; padding-right: 30px\\\" data-state=\\\"{&quot;min-height&quot;:{&quot;canCollapse&quot;:{&quot;XL&quot;:false,&quot;LG&quot;:false,&quot;MD&quot;:false,&quot;SM&quot;:false,&quot;XS&quot;:false}}}\\\">\\n              <a href=\\\"###\\\" class=\\\"u-block-78dc-3 u-btn u-button-confirm u-button-style u-palette-1-base\\\" style=\\\"margin-top: 0px; margin-right: auto; margin-bottom: 0px; margin-left: 0px\\\">Confirm</a>\\n            </div>\\n          </div>\\n        </div>\\n      </div>\\n    </div>\\n  </div>\\n  <style data-mode=\\\"XL\\\">@media (max-width: 0px) { .u-block-78dc-1 {background-image: none}\\n.u-block-78dc-2 {min-height: 212px}\\n.u-block-78dc-7 {margin-top: 30px; margin-bottom: 30px}\\n.u-block-78dc-8 {min-height: 152px}\\n.u-block-78dc-9 {padding-top: 30px; padding-bottom: 30px; padding-left: 60px; padding-right: 60px}\\n.u-block-78dc-6 {margin-top: 0px; margin-right: 20px; margin-bottom: 0px}\\n.u-block-78dc-5 {margin-top: 8px; margin-right: 20px; margin-bottom: 0px; margin-left: 0px}\\n.u-block-78dc-10 {min-height: 152px}\\n.u-block-78dc-11 {padding-top: 30px; padding-bottom: 30px; padding-left: 30px; padding-right: 30px}\\n.u-block-78dc-3 {margin-top: 0px; margin-right: auto; margin-bottom: 0px; margin-left: 0px} }</style>\\n  <style data-mode=\\\"LG\\\">@media (max-width: 0px) { .u-block-78dc-1 {background-image: none}\\n.u-block-78dc-2 {min-height: 131px}\\n.u-block-78dc-7 {margin-top: 30px; margin-bottom: 30px}\\n.u-block-78dc-8 {min-height: 125px}\\n.u-block-78dc-9 {padding-top: 30px; padding-bottom: 30px; padding-left: 60px; padding-right: 60px}\\n.u-block-78dc-6 {margin-top: 0px; margin-right: 0px; margin-bottom: 0px}\\n.u-block-78dc-5 {margin-top: 8px; margin-right: 0px; margin-bottom: 0px; margin-left: 0px}\\n.u-block-78dc-10 {min-height: 125px}\\n.u-block-78dc-11 {padding-top: 30px; padding-bottom: 30px; padding-left: 30px; padding-right: 30px}\\n.u-block-78dc-3 {margin-top: 0px; margin-right: auto; margin-bottom: 0px; margin-left: 0px} }</style>\\n  <style data-mode=\\\"MD\\\" data-visited=\\\"true\\\">@media (max-width: 0px) { .u-block-78dc-1 {background-image: none}\\n.u-block-78dc-2 {min-height: 106px}\\n.u-block-78dc-7 {margin-top: 30px; margin-bottom: 30px}\\n.u-block-78dc-8 {min-height: 100px}\\n.u-block-78dc-9 {padding-top: 30px; padding-bottom: 30px; padding-left: 30px; padding-right: 30px}\\n.u-block-78dc-6 {margin-top: 0px; margin-right: 0px; margin-bottom: 0px}\\n.u-block-78dc-5 {margin-top: 8px; margin-right: 0px; margin-bottom: 0px; margin-left: 0px}\\n.u-block-78dc-10 {min-height: 100px}\\n.u-block-78dc-11 {padding-top: 30px; padding-bottom: 30px; padding-left: 30px; padding-right: 30px}\\n.u-block-78dc-3 {margin-top: 0px; margin-right: auto; margin-bottom: 0px; margin-left: 0px} }</style>\\n  <style data-mode=\\\"SM\\\" data-visited=\\\"true\\\">@media (max-width: 0px) { .u-block-78dc-1 {background-image: none}\\n.u-block-78dc-2 {min-height: 225px}\\n.u-block-78dc-7 {margin-top: 30px; margin-bottom: 30px}\\n.u-block-78dc-8 {min-height: 154px}\\n.u-block-78dc-9 {padding-top: 30px; padding-left: 10px; padding-right: 10px; padding-bottom: 20px}\\n.u-block-78dc-6 {margin-top: 0px; margin-right: 0px; margin-bottom: 0px}\\n.u-block-78dc-5 {margin-top: 8px; margin-right: 0px; margin-bottom: 0px; margin-left: 0px}\\n.u-block-78dc-10 {min-height: 65px}\\n.u-block-78dc-11 {padding-top: 10px; padding-bottom: 10px; padding-left: 10px; padding-right: 10px}\\n.u-block-78dc-3 {margin-top: 0px; margin-right: auto; margin-bottom: 0px; margin-left: 0px} }</style>\\n  <style data-mode=\\\"XS\\\" data-visited=\\\"true\\\">@media (max-width: 0px) { .u-block-78dc-1 {background-image: none}\\n.u-block-78dc-2 {min-height: 121px}\\n.u-block-78dc-7 {margin-top: 30px; margin-bottom: 30px}\\n.u-block-78dc-8 {min-height: 100px}\\n.u-block-78dc-9 {padding-top: 30px; padding-bottom: 20px; padding-left: 10px; padding-right: 10px}\\n.u-block-78dc-6 {margin-top: 0px; margin-right: 0px; margin-bottom: 0px}\\n.u-block-78dc-5 {margin-top: 8px; margin-right: 0px; margin-bottom: 0px; margin-left: 0px}\\n.u-block-78dc-10 {min-height: 15px}\\n.u-block-78dc-11 {padding-top: 10px; padding-bottom: 10px; padding-left: 10px; padding-right: 10px}\\n.u-block-78dc-3 {margin-top: 0px; margin-right: auto; margin-bottom: 0px; margin-left: 0px} }</style>\\n</section>\",\"themeBackLinks\":\"\",\"blog\":\"{\\\"posts\\\":{\\\"items\\\":[]}}\",\"domain\":\"\"}","dialog":null,"title":"WebSite1268309","siteStyleCss":"<style id=\"color-scheme\" color-scheme=\"u15\" color-style=\"monochrome-4\">.u-body {\n--none: transparent;\n--none-darker: transparent;\n--none-r: 255;\n--none-g: 255;\n--none-b: 255;\n--none-contrast: body-color;\n--none-contrast-darker: body-color;\n--none-text-color: var(--body-color);\n--transparent: transparent;\n--transparent-darker: transparent;\n--transparent-r: 255;\n--transparent-g: 255;\n--transparent-b: 255;\n--transparent-contrast: body-color;\n--transparent-contrast-darker: body-color;\n--transparent-text-color: var(--body-color);\n--body-color: #111111;\n--body-color-darker: #0f0f0f;\n--body-color-r: 17;\n--body-color-g: 17;\n--body-color-b: 17;\n--body-color-contrast: white;\n--body-color-contrast-darker: white;\n--body-color-text-color: var(--body-alt-color);\n--body-alt-color: #ffffff;\n--body-alt-color-darker: #e6e6e6;\n--body-alt-color-r: 255;\n--body-alt-color-g: 255;\n--body-alt-color-b: 255;\n--body-alt-color-contrast: black;\n--body-alt-color-contrast-darker: black;\n--body-alt-color-text-color: var(--body-color);\n--bg-color: #ffffff;\n--bg-color-darker: #e6e6e6;\n--bg-color-r: 255;\n--bg-color-g: 255;\n--bg-color-b: 255;\n--bg-color-contrast: black;\n--bg-color-contrast-darker: black;\n--bg-color-text-color: var(--body-color);\n--palette-1-base: #c0cddd;\n--palette-1-base-darker: #a5b8cf;\n--palette-1-base-r: 192;\n--palette-1-base-g: 205;\n--palette-1-base-b: 221;\n--palette-1-base-contrast: black;\n--palette-1-base-contrast-darker: white;\n--palette-1-base-text-color: var(--body-color);\n--palette-1-dark-3: #292d33;\n--palette-1-dark-3-darker: #25292e;\n--palette-1-dark-3-r: 41;\n--palette-1-dark-3-g: 45;\n--palette-1-dark-3-b: 51;\n--palette-1-dark-3-contrast: white;\n--palette-1-dark-3-contrast-darker: white;\n--palette-1-dark-3-text-color: var(--body-alt-color);\n--palette-1-dark-2: #4c5561;\n--palette-1-dark-2-darker: #444d57;\n--palette-1-dark-2-r: 76;\n--palette-1-dark-2-g: 85;\n--palette-1-dark-2-b: 97;\n--palette-1-dark-2-contrast: white;\n--palette-1-dark-2-contrast-darker: white;\n--palette-1-dark-2-text-color: var(--body-alt-color);\n--palette-1-dark-1: #6d7c8e;\n--palette-1-dark-1-darker: #627080;\n--palette-1-dark-1-r: 109;\n--palette-1-dark-1-g: 124;\n--palette-1-dark-1-b: 142;\n--palette-1-dark-1-contrast: white;\n--palette-1-dark-1-contrast-darker: white;\n--palette-1-dark-1-text-color: var(--body-alt-color);\n--palette-1: #8ea2bc;\n--palette-1-darker: #7991b0;\n--palette-1-r: 142;\n--palette-1-g: 162;\n--palette-1-b: 188;\n--palette-1-contrast: white;\n--palette-1-contrast-darker: white;\n--palette-1-text-color: var(--body-alt-color);\n--palette-1-light-1: #c0cddd;\n--palette-1-light-1-darker: #a5b8cf;\n--palette-1-light-1-r: 192;\n--palette-1-light-1-g: 205;\n--palette-1-light-1-b: 221;\n--palette-1-light-1-contrast: black;\n--palette-1-light-1-contrast-darker: white;\n--palette-1-light-1-text-color: var(--body-color);\n--palette-1-light-2: #dae2ec;\n--palette-1-light-2-darker: #bccadd;\n--palette-1-light-2-r: 218;\n--palette-1-light-2-g: 226;\n--palette-1-light-2-b: 236;\n--palette-1-light-2-contrast: black;\n--palette-1-light-2-contrast-darker: black;\n--palette-1-light-2-text-color: var(--body-color);\n--palette-1-light-3: #f7f9fc;\n--palette-1-light-3-darker: #d3deee;\n--palette-1-light-3-r: 247;\n--palette-1-light-3-g: 249;\n--palette-1-light-3-b: 252;\n--palette-1-light-3-contrast: black;\n--palette-1-light-3-contrast-darker: black;\n--palette-1-light-3-text-color: var(--body-color);\n--palette-2-base: #f24b00;\n--palette-2-base-darker: #da4300;\n--palette-2-base-r: 242;\n--palette-2-base-g: 75;\n--palette-2-base-b: 0;\n--palette-2-base-contrast: white;\n--palette-2-base-contrast-darker: white;\n--palette-2-base-text-color: var(--body-alt-color);\n--palette-2-dark-3: #332c29;\n--palette-2-dark-3-darker: #2e2825;\n--palette-2-dark-3-r: 51;\n--palette-2-dark-3-g: 44;\n--palette-2-dark-3-b: 41;\n--palette-2-dark-3-contrast: white;\n--palette-2-dark-3-contrast-darker: white;\n--palette-2-dark-3-text-color: var(--body-alt-color);\n--palette-2-dark-2: #734e3d;\n--palette-2-dark-2-darker: #684637;\n--palette-2-dark-2-r: 115;\n--palette-2-dark-2-g: 78;\n--palette-2-dark-2-b: 61;\n--palette-2-dark-2-contrast: white;\n--palette-2-dark-2-contrast-darker: white;\n--palette-2-dark-2-text-color: var(--body-alt-color);\n--palette-2-dark-1: #b25830;\n--palette-2-dark-1-darker: #a04f2b;\n--palette-2-dark-1-r: 178;\n--palette-2-dark-1-g: 88;\n--palette-2-dark-1-b: 48;\n--palette-2-dark-1-contrast: white;\n--palette-2-dark-1-contrast-darker: white;\n--palette-2-dark-1-text-color: var(--body-alt-color);\n--palette-2: #f24b00;\n--palette-2-darker: #da4300;\n--palette-2-r: 242;\n--palette-2-g: 75;\n--palette-2-b: 0;\n--palette-2-contrast: white;\n--palette-2-contrast-darker: white;\n--palette-2-text-color: var(--body-alt-color);\n--palette-2-light-1: #f67f4a;\n--palette-2-light-1-darker: #f4692c;\n--palette-2-light-1-r: 246;\n--palette-2-light-1-g: 127;\n--palette-2-light-1-b: 74;\n--palette-2-light-1-contrast: white;\n--palette-2-light-1-contrast-darker: white;\n--palette-2-light-1-text-color: var(--body-alt-color);\n--palette-2-light-2: #fab596;\n--palette-2-light-2-darker: #f89a70;\n--palette-2-light-2-r: 250;\n--palette-2-light-2-g: 181;\n--palette-2-light-2-b: 150;\n--palette-2-light-2-contrast: black;\n--palette-2-light-2-contrast-darker: white;\n--palette-2-light-2-text-color: var(--body-color);\n--palette-2-light-3: #feece4;\n--palette-2-light-3-darker: #fccbb6;\n--palette-2-light-3-r: 254;\n--palette-2-light-3-g: 236;\n--palette-2-light-3-b: 228;\n--palette-2-light-3-contrast: black;\n--palette-2-light-3-contrast-darker: black;\n--palette-2-light-3-text-color: var(--body-color);\n--palette-3-base: #ecdc13;\n--palette-3-base-darker: #d4c611;\n--palette-3-base-r: 236;\n--palette-3-base-g: 220;\n--palette-3-base-b: 19;\n--palette-3-base-contrast: black;\n--palette-3-base-contrast-darker: black;\n--palette-3-base-text-color: var(--body-color);\n--palette-3-dark-3: #333229;\n--palette-3-dark-3-darker: #2e2d25;\n--palette-3-dark-3-r: 51;\n--palette-3-dark-3-g: 50;\n--palette-3-dark-3-b: 41;\n--palette-3-dark-3-contrast: white;\n--palette-3-dark-3-contrast-darker: white;\n--palette-3-dark-3-text-color: var(--body-alt-color);\n--palette-3-dark-2: #716d3f;\n--palette-3-dark-2-darker: #666239;\n--palette-3-dark-2-r: 113;\n--palette-3-dark-2-g: 109;\n--palette-3-dark-2-b: 63;\n--palette-3-dark-2-contrast: white;\n--palette-3-dark-2-contrast-darker: white;\n--palette-3-dark-2-text-color: var(--body-alt-color);\n--palette-3-dark-1: #aea638;\n--palette-3-dark-1-darker: #9d9532;\n--palette-3-dark-1-r: 174;\n--palette-3-dark-1-g: 166;\n--palette-3-dark-1-b: 56;\n--palette-3-dark-1-contrast: white;\n--palette-3-dark-1-contrast-darker: white;\n--palette-3-dark-1-text-color: var(--body-alt-color);\n--palette-3: #ecdc13;\n--palette-3-darker: #d4c611;\n--palette-3-r: 236;\n--palette-3-g: 220;\n--palette-3-b: 19;\n--palette-3-contrast: black;\n--palette-3-contrast-darker: black;\n--palette-3-text-color: var(--body-color);\n--palette-3-light-1: #f2e656;\n--palette-3-light-1-darker: #f0e138;\n--palette-3-light-1-r: 242;\n--palette-3-light-1-g: 230;\n--palette-3-light-1-b: 86;\n--palette-3-light-1-contrast: black;\n--palette-3-light-1-contrast-darker: black;\n--palette-3-light-1-text-color: var(--body-color);\n--palette-3-light-2: #f7f19c;\n--palette-3-light-2-darker: #f4ec77;\n--palette-3-light-2-r: 247;\n--palette-3-light-2-g: 241;\n--palette-3-light-2-b: 156;\n--palette-3-light-2-contrast: black;\n--palette-3-light-2-contrast-darker: black;\n--palette-3-light-2-text-color: var(--body-color);\n--palette-3-light-3: #fdfbe6;\n--palette-3-light-3-darker: #f9f4b9;\n--palette-3-light-3-r: 253;\n--palette-3-light-3-g: 251;\n--palette-3-light-3-b: 230;\n--palette-3-light-3-contrast: black;\n--palette-3-light-3-contrast-darker: black;\n--palette-3-light-3-text-color: var(--body-color);\n--palette-4-base: #98c81e;\n--palette-4-base-darker: #89b41b;\n--palette-4-base-r: 152;\n--palette-4-base-g: 200;\n--palette-4-base-b: 30;\n--palette-4-base-contrast: white;\n--palette-4-base-contrast-darker: white;\n--palette-4-base-text-color: var(--body-alt-color);\n--palette-4-dark-3: #303329;\n--palette-4-dark-3-darker: #2b2e25;\n--palette-4-dark-3-r: 48;\n--palette-4-dark-3-g: 51;\n--palette-4-dark-3-b: 41;\n--palette-4-dark-3-contrast: white;\n--palette-4-dark-3-contrast-darker: white;\n--palette-4-dark-3-text-color: var(--body-alt-color);\n--palette-4-dark-2: #6b7e3c;\n--palette-4-dark-2-darker: #607136;\n--palette-4-dark-2-r: 107;\n--palette-4-dark-2-g: 126;\n--palette-4-dark-2-b: 60;\n--palette-4-dark-2-contrast: white;\n--palette-4-dark-2-contrast-darker: white;\n--palette-4-dark-2-text-color: var(--body-alt-color);\n--palette-4-dark-1: #98c81e;\n--palette-4-dark-1-darker: #89b41b;\n--palette-4-dark-1-r: 152;\n--palette-4-dark-1-g: 200;\n--palette-4-dark-1-b: 30;\n--palette-4-dark-1-contrast: white;\n--palette-4-dark-1-contrast-darker: white;\n--palette-4-dark-1-text-color: var(--body-alt-color);\n--palette-4: #b8ed30;\n--palette-4-darker: #afeb16;\n--palette-4-r: 184;\n--palette-4-g: 237;\n--palette-4-b: 48;\n--palette-4-contrast: black;\n--palette-4-contrast-darker: black;\n--palette-4-text-color: var(--body-color);\n--palette-4-light-1: #ccf26b;\n--palette-4-light-1-darker: #c1ef4b;\n--palette-4-light-1-r: 204;\n--palette-4-light-1-g: 242;\n--palette-4-light-1-b: 107;\n--palette-4-light-1-contrast: black;\n--palette-4-light-1-contrast-darker: black;\n--palette-4-light-1-text-color: var(--body-color);\n--palette-4-light-2: #e1f8a9;\n--palette-4-light-2-darker: #d4f582;\n--palette-4-light-2-r: 225;\n--palette-4-light-2-g: 248;\n--palette-4-light-2-b: 169;\n--palette-4-light-2-contrast: black;\n--palette-4-light-2-contrast-darker: black;\n--palette-4-light-2-text-color: var(--body-color);\n--palette-4-light-3: #f7fde9;\n--palette-4-light-3-darker: #e7f9bc;\n--palette-4-light-3-r: 247;\n--palette-4-light-3-g: 253;\n--palette-4-light-3-b: 233;\n--palette-4-light-3-contrast: black;\n--palette-4-light-3-contrast-darker: black;\n--palette-4-light-3-text-color: var(--body-color);\n--palette-5-base: #b9c1cc;\n--palette-5-base-darker: #a2adbc;\n--palette-5-base-r: 185;\n--palette-5-base-g: 193;\n--palette-5-base-b: 204;\n--palette-5-base-contrast: black;\n--palette-5-base-contrast-darker: white;\n--palette-5-base-text-color: var(--body-color);\n--palette-5-dark-3: #292d33;\n--palette-5-dark-3-darker: #25292e;\n--palette-5-dark-3-r: 41;\n--palette-5-dark-3-g: 45;\n--palette-5-dark-3-b: 51;\n--palette-5-dark-3-contrast: white;\n--palette-5-dark-3-contrast-darker: white;\n--palette-5-dark-3-text-color: var(--body-alt-color);\n--palette-5-dark-2: #555c66;\n--palette-5-dark-2-darker: #4d535c;\n--palette-5-dark-2-r: 85;\n--palette-5-dark-2-g: 92;\n--palette-5-dark-2-b: 102;\n--palette-5-dark-2-contrast: white;\n--palette-5-dark-2-contrast-darker: white;\n--palette-5-dark-2-text-color: var(--body-alt-color);\n--palette-5-dark-1: #858e99;\n--palette-5-dark-1-darker: #75808c;\n--palette-5-dark-1-r: 133;\n--palette-5-dark-1-g: 142;\n--palette-5-dark-1-b: 153;\n--palette-5-dark-1-contrast: white;\n--palette-5-dark-1-contrast-darker: white;\n--palette-5-dark-1-text-color: var(--body-alt-color);\n--palette-5: #b9c1cc;\n--palette-5-darker: #a2adbc;\n--palette-5-r: 185;\n--palette-5-g: 193;\n--palette-5-b: 204;\n--palette-5-contrast: black;\n--palette-5-contrast-darker: white;\n--palette-5-text-color: var(--body-color);\n--palette-5-light-1: #ccd3db;\n--palette-5-light-1-darker: #b3bec9;\n--palette-5-light-1-r: 204;\n--palette-5-light-1-g: 211;\n--palette-5-light-1-b: 219;\n--palette-5-light-1-contrast: black;\n--palette-5-light-1-contrast-darker: black;\n--palette-5-light-1-text-color: var(--body-color);\n--palette-5-light-2: #e0e5eb;\n--palette-5-light-2-darker: #c4ced9;\n--palette-5-light-2-r: 224;\n--palette-5-light-2-g: 229;\n--palette-5-light-2-b: 235;\n--palette-5-light-2-contrast: black;\n--palette-5-light-2-contrast-darker: black;\n--palette-5-light-2-text-color: var(--body-color);\n--palette-5-light-3: #f5f7fa;\n--palette-5-light-3-darker: #d4dde9;\n--palette-5-light-3-r: 245;\n--palette-5-light-3-g: 247;\n--palette-5-light-3-b: 250;\n--palette-5-light-3-contrast: black;\n--palette-5-light-3-contrast-darker: black;\n--palette-5-light-3-text-color: var(--body-color);\n--grey-40: #999999;\n--grey-40-darker: #8a8a8a;\n--grey-40-r: 153;\n--grey-40-g: 153;\n--grey-40-b: 153;\n--grey-40-contrast: white;\n--grey-40-contrast-darker: white;\n--grey-40-text-color: var(--body-alt-color);\n--grey-30: #b3b3b3;\n--grey-30-darker: #a1a1a1;\n--grey-30-r: 179;\n--grey-30-g: 179;\n--grey-30-b: 179;\n--grey-30-contrast: white;\n--grey-30-contrast-darker: white;\n--grey-30-text-color: var(--body-alt-color);\n--grey-25: #c0c0c0;\n--grey-25-darker: #adadad;\n--grey-25-r: 192;\n--grey-25-g: 192;\n--grey-25-b: 192;\n--grey-25-contrast: black;\n--grey-25-contrast-darker: white;\n--grey-25-text-color: var(--body-color);\n--white: #ffffff;\n--white-darker: #e6e6e6;\n--white-r: 255;\n--white-g: 255;\n--white-b: 255;\n--white-contrast: black;\n--white-contrast-darker: black;\n--white-text-color: var(--body-color);\n--grey-15: #d9d9d9;\n--grey-15-darker: #c3c3c3;\n--grey-15-r: 217;\n--grey-15-g: 217;\n--grey-15-b: 217;\n--grey-15-contrast: black;\n--grey-15-contrast-darker: black;\n--grey-15-text-color: var(--body-color);\n--grey-10: #e5e5e5;\n--grey-10-darker: #cecece;\n--grey-10-r: 229;\n--grey-10-g: 229;\n--grey-10-b: 229;\n--grey-10-contrast: black;\n--grey-10-contrast-darker: black;\n--grey-10-text-color: var(--body-color);\n--grey-5: #f2f2f2;\n--grey-5-darker: #dadada;\n--grey-5-r: 242;\n--grey-5-g: 242;\n--grey-5-b: 242;\n--grey-5-contrast: black;\n--grey-5-contrast-darker: black;\n--grey-5-text-color: var(--body-color);\n--grey-90: #1a1a1a;\n--grey-90-darker: #171717;\n--grey-90-r: 26;\n--grey-90-g: 26;\n--grey-90-b: 26;\n--grey-90-contrast: white;\n--grey-90-contrast-darker: white;\n--grey-90-text-color: var(--body-alt-color);\n--grey-80: #333333;\n--grey-80-darker: #2e2e2e;\n--grey-80-r: 51;\n--grey-80-g: 51;\n--grey-80-b: 51;\n--grey-80-contrast: white;\n--grey-80-contrast-darker: white;\n--grey-80-text-color: var(--body-alt-color);\n--grey-75: #404040;\n--grey-75-darker: #3a3a3a;\n--grey-75-r: 64;\n--grey-75-g: 64;\n--grey-75-b: 64;\n--grey-75-contrast: white;\n--grey-75-contrast-darker: white;\n--grey-75-text-color: var(--body-alt-color);\n--black: #000000;\n--black-darker: #000000;\n--black-r: 0;\n--black-g: 0;\n--black-b: 0;\n--black-contrast: white;\n--black-contrast-darker: white;\n--black-text-color: var(--body-alt-color);\n--grey-70: #4d4d4d;\n--grey-70-darker: #454545;\n--grey-70-r: 77;\n--grey-70-g: 77;\n--grey-70-b: 77;\n--grey-70-contrast: white;\n--grey-70-contrast-darker: white;\n--grey-70-text-color: var(--body-alt-color);\n--grey-60: #666666;\n--grey-60-darker: #5c5c5c;\n--grey-60-r: 102;\n--grey-60-g: 102;\n--grey-60-b: 102;\n--grey-60-contrast: white;\n--grey-60-contrast-darker: white;\n--grey-60-text-color: var(--body-alt-color);\n--grey-50: #808080;\n--grey-50-darker: #737373;\n--grey-50-r: 128;\n--grey-50-g: 128;\n--grey-50-b: 128;\n--grey-50-contrast: white;\n--grey-50-contrast-darker: white;\n--grey-50-text-color: var(--body-alt-color);\n--grey-dark-3: #212121;\n--grey-dark-3-darker: #1e1e1e;\n--grey-dark-3-r: 33;\n--grey-dark-3-g: 33;\n--grey-dark-3-b: 33;\n--grey-dark-3-contrast: white;\n--grey-dark-3-contrast-darker: white;\n--grey-dark-3-text-color: var(--body-alt-color);\n--grey-dark-2: #333333;\n--grey-dark-2-darker: #2e2e2e;\n--grey-dark-2-r: 51;\n--grey-dark-2-g: 51;\n--grey-dark-2-b: 51;\n--grey-dark-2-contrast: white;\n--grey-dark-2-contrast-darker: white;\n--grey-dark-2-text-color: var(--body-alt-color);\n--grey-dark-1: #454545;\n--grey-dark-1-darker: #3e3e3e;\n--grey-dark-1-r: 69;\n--grey-dark-1-g: 69;\n--grey-dark-1-b: 69;\n--grey-dark-1-contrast: white;\n--grey-dark-1-contrast-darker: white;\n--grey-dark-1-text-color: var(--body-alt-color);\n--grey: #b3b3b3;\n--grey-darker: #a1a1a1;\n--grey-r: 179;\n--grey-g: 179;\n--grey-b: 179;\n--grey-contrast: white;\n--grey-contrast-darker: white;\n--grey-text-color: var(--body-alt-color);\n--grey-light-1: #d9d9d9;\n--grey-light-1-darker: #c3c3c3;\n--grey-light-1-r: 217;\n--grey-light-1-g: 217;\n--grey-light-1-b: 217;\n--grey-light-1-contrast: black;\n--grey-light-1-contrast-darker: black;\n--grey-light-1-text-color: var(--body-color);\n--grey-light-2: #eeeeee;\n--grey-light-2-darker: #d6d6d6;\n--grey-light-2-r: 238;\n--grey-light-2-g: 238;\n--grey-light-2-b: 238;\n--grey-light-2-contrast: black;\n--grey-light-2-contrast-darker: black;\n--grey-light-2-text-color: var(--body-color);\n--grey-light-3: #f6f6f6;\n--grey-light-3-darker: #dddddd;\n--grey-light-3-r: 246;\n--grey-light-3-g: 246;\n--grey-light-3-b: 246;\n--grey-light-3-contrast: black;\n--grey-light-3-contrast-darker: black;\n--grey-light-3-text-color: var(--body-color);\n--color-1-base: #98c81e;\n--color-1-base-darker: #89b41b;\n--color-1-base-r: 152;\n--color-1-base-g: 200;\n--color-1-base-b: 30;\n--color-1-base-contrast: white;\n--color-1-base-contrast-darker: white;\n--color-1-base-text-color: var(--body-alt-color);\n--color-1-dark-3: #303329;\n--color-1-dark-3-darker: #2b2e25;\n--color-1-dark-3-r: 48;\n--color-1-dark-3-g: 51;\n--color-1-dark-3-b: 41;\n--color-1-dark-3-contrast: white;\n--color-1-dark-3-contrast-darker: white;\n--color-1-dark-3-text-color: var(--body-alt-color);\n--color-1-dark-2: #6b7e3c;\n--color-1-dark-2-darker: #607136;\n--color-1-dark-2-r: 107;\n--color-1-dark-2-g: 126;\n--color-1-dark-2-b: 60;\n--color-1-dark-2-contrast: white;\n--color-1-dark-2-contrast-darker: white;\n--color-1-dark-2-text-color: var(--body-alt-color);\n--color-1-dark-1: #98c81e;\n--color-1-dark-1-darker: #89b41b;\n--color-1-dark-1-r: 152;\n--color-1-dark-1-g: 200;\n--color-1-dark-1-b: 30;\n--color-1-dark-1-contrast: white;\n--color-1-dark-1-contrast-darker: white;\n--color-1-dark-1-text-color: var(--body-alt-color);\n--color-1: #b8ed30;\n--color-1-darker: #afeb16;\n--color-1-r: 184;\n--color-1-g: 237;\n--color-1-b: 48;\n--color-1-contrast: black;\n--color-1-contrast-darker: black;\n--color-1-text-color: var(--body-color);\n--color-1-light-1: #ccf26b;\n--color-1-light-1-darker: #c1ef4b;\n--color-1-light-1-r: 204;\n--color-1-light-1-g: 242;\n--color-1-light-1-b: 107;\n--color-1-light-1-contrast: black;\n--color-1-light-1-contrast-darker: black;\n--color-1-light-1-text-color: var(--body-color);\n--color-1-light-2: #e1f8a9;\n--color-1-light-2-darker: #d4f582;\n--color-1-light-2-r: 225;\n--color-1-light-2-g: 248;\n--color-1-light-2-b: 169;\n--color-1-light-2-contrast: black;\n--color-1-light-2-contrast-darker: black;\n--color-1-light-2-text-color: var(--body-color);\n--color-1-light-3: #f7fde9;\n--color-1-light-3-darker: #e7f9bc;\n--color-1-light-3-r: 247;\n--color-1-light-3-g: 253;\n--color-1-light-3-b: 233;\n--color-1-light-3-contrast: black;\n--color-1-light-3-contrast-darker: black;\n--color-1-light-3-text-color: var(--body-color);\n--color-2-base: #b9c1cc;\n--color-2-base-darker: #a2adbc;\n--color-2-base-r: 185;\n--color-2-base-g: 193;\n--color-2-base-b: 204;\n--color-2-base-contrast: black;\n--color-2-base-contrast-darker: white;\n--color-2-base-text-color: var(--body-color);\n--color-2-dark-3: #292d33;\n--color-2-dark-3-darker: #25292e;\n--color-2-dark-3-r: 41;\n--color-2-dark-3-g: 45;\n--color-2-dark-3-b: 51;\n--color-2-dark-3-contrast: white;\n--color-2-dark-3-contrast-darker: white;\n--color-2-dark-3-text-color: var(--body-alt-color);\n--color-2-dark-2: #555c66;\n--color-2-dark-2-darker: #4d535c;\n--color-2-dark-2-r: 85;\n--color-2-dark-2-g: 92;\n--color-2-dark-2-b: 102;\n--color-2-dark-2-contrast: white;\n--color-2-dark-2-contrast-darker: white;\n--color-2-dark-2-text-color: var(--body-alt-color);\n--color-2-dark-1: #858e99;\n--color-2-dark-1-darker: #75808c;\n--color-2-dark-1-r: 133;\n--color-2-dark-1-g: 142;\n--color-2-dark-1-b: 153;\n--color-2-dark-1-contrast: white;\n--color-2-dark-1-contrast-darker: white;\n--color-2-dark-1-text-color: var(--body-alt-color);\n--color-2: #b9c1cc;\n--color-2-darker: #a2adbc;\n--color-2-r: 185;\n--color-2-g: 193;\n--color-2-b: 204;\n--color-2-contrast: black;\n--color-2-contrast-darker: white;\n--color-2-text-color: var(--body-color);\n--color-2-light-1: #ccd3db;\n--color-2-light-1-darker: #b3bec9;\n--color-2-light-1-r: 204;\n--color-2-light-1-g: 211;\n--color-2-light-1-b: 219;\n--color-2-light-1-contrast: black;\n--color-2-light-1-contrast-darker: black;\n--color-2-light-1-text-color: var(--body-color);\n--color-2-light-2: #e0e5eb;\n--color-2-light-2-darker: #c4ced9;\n--color-2-light-2-r: 224;\n--color-2-light-2-g: 229;\n--color-2-light-2-b: 235;\n--color-2-light-2-contrast: black;\n--color-2-light-2-contrast-darker: black;\n--color-2-light-2-text-color: var(--body-color);\n--color-2-light-3: #f5f7fa;\n--color-2-light-3-darker: #d4dde9;\n--color-2-light-3-r: 245;\n--color-2-light-3-g: 247;\n--color-2-light-3-b: 250;\n--color-2-light-3-contrast: black;\n--color-2-light-3-contrast-darker: black;\n--color-2-light-3-text-color: var(--body-color);\n--color-3-base: #c0cddd;\n--color-3-base-darker: #a5b8cf;\n--color-3-base-r: 192;\n--color-3-base-g: 205;\n--color-3-base-b: 221;\n--color-3-base-contrast: black;\n--color-3-base-contrast-darker: white;\n--color-3-base-text-color: var(--body-color);\n--color-3-dark-3: #292d33;\n--color-3-dark-3-darker: #25292e;\n--color-3-dark-3-r: 41;\n--color-3-dark-3-g: 45;\n--color-3-dark-3-b: 51;\n--color-3-dark-3-contrast: white;\n--color-3-dark-3-contrast-darker: white;\n--color-3-dark-3-text-color: var(--body-alt-color);\n--color-3-dark-2: #4c5561;\n--color-3-dark-2-darker: #444d57;\n--color-3-dark-2-r: 76;\n--color-3-dark-2-g: 85;\n--color-3-dark-2-b: 97;\n--color-3-dark-2-contrast: white;\n--color-3-dark-2-contrast-darker: white;\n--color-3-dark-2-text-color: var(--body-alt-color);\n--color-3-dark-1: #6d7c8e;\n--color-3-dark-1-darker: #627080;\n--color-3-dark-1-r: 109;\n--color-3-dark-1-g: 124;\n--color-3-dark-1-b: 142;\n--color-3-dark-1-contrast: white;\n--color-3-dark-1-contrast-darker: white;\n--color-3-dark-1-text-color: var(--body-alt-color);\n--color-3: #8ea2bc;\n--color-3-darker: #7991b0;\n--color-3-r: 142;\n--color-3-g: 162;\n--color-3-b: 188;\n--color-3-contrast: white;\n--color-3-contrast-darker: white;\n--color-3-text-color: var(--body-alt-color);\n--color-3-light-1: #c0cddd;\n--color-3-light-1-darker: #a5b8cf;\n--color-3-light-1-r: 192;\n--color-3-light-1-g: 205;\n--color-3-light-1-b: 221;\n--color-3-light-1-contrast: black;\n--color-3-light-1-contrast-darker: white;\n--color-3-light-1-text-color: var(--body-color);\n--color-3-light-2: #dae2ec;\n--color-3-light-2-darker: #bccadd;\n--color-3-light-2-r: 218;\n--color-3-light-2-g: 226;\n--color-3-light-2-b: 236;\n--color-3-light-2-contrast: black;\n--color-3-light-2-contrast-darker: black;\n--color-3-light-2-text-color: var(--body-color);\n--color-3-light-3: #f7f9fc;\n--color-3-light-3-darker: #d3deee;\n--color-3-light-3-r: 247;\n--color-3-light-3-g: 249;\n--color-3-light-3-b: 252;\n--color-3-light-3-contrast: black;\n--color-3-light-3-contrast-darker: black;\n--color-3-light-3-text-color: var(--body-color);\n--color-4-base: #f24b00;\n--color-4-base-darker: #da4300;\n--color-4-base-r: 242;\n--color-4-base-g: 75;\n--color-4-base-b: 0;\n--color-4-base-contrast: white;\n--color-4-base-contrast-darker: white;\n--color-4-base-text-color: var(--body-alt-color);\n--color-4-dark-3: #332c29;\n--color-4-dark-3-darker: #2e2825;\n--color-4-dark-3-r: 51;\n--color-4-dark-3-g: 44;\n--color-4-dark-3-b: 41;\n--color-4-dark-3-contrast: white;\n--color-4-dark-3-contrast-darker: white;\n--color-4-dark-3-text-color: var(--body-alt-color);\n--color-4-dark-2: #734e3d;\n--color-4-dark-2-darker: #684637;\n--color-4-dark-2-r: 115;\n--color-4-dark-2-g: 78;\n--color-4-dark-2-b: 61;\n--color-4-dark-2-contrast: white;\n--color-4-dark-2-contrast-darker: white;\n--color-4-dark-2-text-color: var(--body-alt-color);\n--color-4-dark-1: #b25830;\n--color-4-dark-1-darker: #a04f2b;\n--color-4-dark-1-r: 178;\n--color-4-dark-1-g: 88;\n--color-4-dark-1-b: 48;\n--color-4-dark-1-contrast: white;\n--color-4-dark-1-contrast-darker: white;\n--color-4-dark-1-text-color: var(--body-alt-color);\n--color-4: #f24b00;\n--color-4-darker: #da4300;\n--color-4-r: 242;\n--color-4-g: 75;\n--color-4-b: 0;\n--color-4-contrast: white;\n--color-4-contrast-darker: white;\n--color-4-text-color: var(--body-alt-color);\n--color-4-light-1: #f67f4a;\n--color-4-light-1-darker: #f4692c;\n--color-4-light-1-r: 246;\n--color-4-light-1-g: 127;\n--color-4-light-1-b: 74;\n--color-4-light-1-contrast: white;\n--color-4-light-1-contrast-darker: white;\n--color-4-light-1-text-color: var(--body-alt-color);\n--color-4-light-2: #fab596;\n--color-4-light-2-darker: #f89a70;\n--color-4-light-2-r: 250;\n--color-4-light-2-g: 181;\n--color-4-light-2-b: 150;\n--color-4-light-2-contrast: black;\n--color-4-light-2-contrast-darker: white;\n--color-4-light-2-text-color: var(--body-color);\n--color-4-light-3: #feece4;\n--color-4-light-3-darker: #fccbb6;\n--color-4-light-3-r: 254;\n--color-4-light-3-g: 236;\n--color-4-light-3-b: 228;\n--color-4-light-3-contrast: black;\n--color-4-light-3-contrast-darker: black;\n--color-4-light-3-text-color: var(--body-color);\n--color-5-base: #ecdc13;\n--color-5-base-darker: #d4c611;\n--color-5-base-r: 236;\n--color-5-base-g: 220;\n--color-5-base-b: 19;\n--color-5-base-contrast: black;\n--color-5-base-contrast-darker: black;\n--color-5-base-text-color: var(--body-color);\n--color-5-dark-3: #333229;\n--color-5-dark-3-darker: #2e2d25;\n--color-5-dark-3-r: 51;\n--color-5-dark-3-g: 50;\n--color-5-dark-3-b: 41;\n--color-5-dark-3-contrast: white;\n--color-5-dark-3-contrast-darker: white;\n--color-5-dark-3-text-color: var(--body-alt-color);\n--color-5-dark-2: #716d3f;\n--color-5-dark-2-darker: #666239;\n--color-5-dark-2-r: 113;\n--color-5-dark-2-g: 109;\n--color-5-dark-2-b: 63;\n--color-5-dark-2-contrast: white;\n--color-5-dark-2-contrast-darker: white;\n--color-5-dark-2-text-color: var(--body-alt-color);\n--color-5-dark-1: #aea638;\n--color-5-dark-1-darker: #9d9532;\n--color-5-dark-1-r: 174;\n--color-5-dark-1-g: 166;\n--color-5-dark-1-b: 56;\n--color-5-dark-1-contrast: white;\n--color-5-dark-1-contrast-darker: white;\n--color-5-dark-1-text-color: var(--body-alt-color);\n--color-5: #ecdc13;\n--color-5-darker: #d4c611;\n--color-5-r: 236;\n--color-5-g: 220;\n--color-5-b: 19;\n--color-5-contrast: black;\n--color-5-contrast-darker: black;\n--color-5-text-color: var(--body-color);\n--color-5-light-1: #f2e656;\n--color-5-light-1-darker: #f0e138;\n--color-5-light-1-r: 242;\n--color-5-light-1-g: 230;\n--color-5-light-1-b: 86;\n--color-5-light-1-contrast: black;\n--color-5-light-1-contrast-darker: black;\n--color-5-light-1-text-color: var(--body-color);\n--color-5-light-2: #f7f19c;\n--color-5-light-2-darker: #f4ec77;\n--color-5-light-2-r: 247;\n--color-5-light-2-g: 241;\n--color-5-light-2-b: 156;\n--color-5-light-2-contrast: black;\n--color-5-light-2-contrast-darker: black;\n--color-5-light-2-text-color: var(--body-color);\n--color-5-light-3: #fdfbe6;\n--color-5-light-3-darker: #f9f4b9;\n--color-5-light-3-r: 253;\n--color-5-light-3-g: 251;\n--color-5-light-3-b: 230;\n--color-5-light-3-contrast: black;\n--color-5-light-3-contrast-darker: black;\n--color-5-light-3-text-color: var(--body-color);\n--white-contrast: var(--body-color);\n--shading-contrast: var(--body-alt-color);\n--bg-contrast: var(--body-color);\n}</style><style id=\"typography\" typography=\"Normal\">\n        .u-body\n        {\n        --title-font-weight: 400;\n        --title-font-size: 4.5rem;\n        --title-line-height: 1.1;\n        --title-margin-top: 20px;\n        --title-margin-bottom: 20px;\n        --subtitle-font-weight: 400;\n        --subtitle-font-size: 2.25rem;\n        --subtitle-line-height: 1.1;\n        --subtitle-margin-top: 20px;\n        --subtitle-margin-bottom: 20px;\n        --h1-font-weight: 400;\n        --h1-font-size: 3rem;\n        --h1-line-height: 1.1;\n        --h1-margin-top: 20px;\n        --h1-margin-bottom: 20px;\n        --h2-font-weight: 400;\n        --h2-font-size: 2.25rem;\n        --h2-line-height: 1.1;\n        --h2-margin-top: 20px;\n        --h2-margin-bottom: 20px;\n        --h3-font-weight: 400;\n        --h3-font-size: 1.875rem;\n        --h3-line-height: 1.2;\n        --h3-margin-top: 20px;\n        --h3-margin-bottom: 20px;\n        --h4-font-weight: 400;\n        --h4-font-size: 1.5rem;\n        --h4-line-height: 1.2;\n        --h4-margin-top: 20px;\n        --h4-margin-bottom: 20px;\n        --h5-font-weight: 400;\n        --h5-font-size: 1.25rem;\n        --h5-line-height: 1.2;\n        --h5-margin-top: 20px;\n        --h5-margin-bottom: 20px;\n        --h6-font-weight: 400;\n        --h6-font-size: 1.125rem;\n        --h6-line-height: 1.2;\n        --h6-margin-top: 20px;\n        --h6-margin-bottom: 20px;\n        --largeText-font-size: 1.25rem;\n        --largeText-margin-top: 20px;\n        --largeText-margin-bottom: 20px;\n        --smallText-font-size: 0.875rem;\n        --smallText-margin-top: 20px;\n        --smallText-margin-bottom: 20px;\n        --text-margin-top: 20px;\n        --text-margin-bottom: 20px;\n        --hyperlink-color: var(--palette-1-base);\n        --hyperlink-alt-text-color: var(--palette-1-dark-2);\n        --hyperlink-hover-color: var(--palette-1-base-darker);\n        --hyperlink-hover-alt-text-color: var(--grey-30-darker);\n        --button-margin-top: 20px;\n        --button-margin-bottom: 20px;\n        --button-background-color: var(--palette-1-base);\n        --button-color: var(--black);\n        --button-hover-background-color: var(--palette-1-base-darker);\n        --button-hover-color: var(--black-darker);\n        --button-hover-background-color: var(--palette-1-base-darker);\n        --button-hover-color: var(--black-darker);\n        --button-active-background-color: var(--palette-1-base-darker);\n        --button-active-color: var(--black-darker);\n        --blockquote-font-style: italic;\n        --blockquote-padding-left: 20px;\n        --blockquote-border-width: 4px;\n        --blockquote-border-color: var(--palette-1-base);\n        --blockquote-margin-top: 20px;\n        --blockquote-margin-bottom: 20px;\n        --metadata-margin-top: 20px;\n        --metadata-margin-bottom: 20px;\n        --list-margin-top: 20px;\n        --list-margin-bottom: 20px;\n        --orderedlist-margin-top: 20px;\n        --orderedlist-margin-bottom: 20px;\n        --postContent-margin-top: 20px;\n        --postContent-margin-bottom: 20px;\n        --title-font-size-sm: 3.75rem;\n        --title-font-size-xs: 3rem;\n        --subtitle-font-size-xs: 1.5rem;\n        --h1-font-size-xs: 1.875rem;\n        --h2-font-size-xs: 1.5rem;\n        --h3-font-size-xs: 1.5rem;\n        }\n\n        /** common-rules **/\n        h1.u-title\n        {\n        font-weight: var(--title-font-weight);\n        font-size: var(--title-font-size);\n        line-height: var(--title-line-height);\n        margin-top: var(--title-margin-top);\n        margin-bottom: var(--title-margin-bottom);\n        }\n        h2.u-subtitle\n        {\n        font-weight: var(--subtitle-font-weight);\n        font-size: var(--subtitle-font-size);\n        line-height: var(--subtitle-line-height);\n        margin-top: var(--subtitle-margin-top);\n        margin-bottom: var(--subtitle-margin-bottom);\n        }\n        h1:not(.u-title)\n        {\n        font-weight: var(--h1-font-weight);\n        font-size: var(--h1-font-size);\n        line-height: var(--h1-line-height);\n        margin-top: var(--h1-margin-top);\n        margin-bottom: var(--h1-margin-bottom);\n        }\n        h2:not(.u-subtitle)\n        {\n        font-weight: var(--h2-font-weight);\n        font-size: var(--h2-font-size);\n        line-height: var(--h2-line-height);\n        margin-top: var(--h2-margin-top);\n        margin-bottom: var(--h2-margin-bottom);\n        }\n        h3\n        {\n        font-weight: var(--h3-font-weight);\n        font-size: var(--h3-font-size);\n        line-height: var(--h3-line-height);\n        margin-top: var(--h3-margin-top);\n        margin-bottom: var(--h3-margin-bottom);\n        }\n        h4\n        {\n        font-weight: var(--h4-font-weight);\n        font-size: var(--h4-font-size);\n        line-height: var(--h4-line-height);\n        margin-top: var(--h4-margin-top);\n        margin-bottom: var(--h4-margin-bottom);\n        }\n        h5\n        {\n        font-weight: var(--h5-font-weight);\n        font-size: var(--h5-font-size);\n        line-height: var(--h5-line-height);\n        margin-top: var(--h5-margin-top);\n        margin-bottom: var(--h5-margin-bottom);\n        }\n        h6\n        {\n        font-weight: var(--h6-font-weight);\n        font-size: var(--h6-font-size);\n        line-height: var(--h6-line-height);\n        margin-top: var(--h6-margin-top);\n        margin-bottom: var(--h6-margin-bottom);\n        }\n        p.u-large-text\n        {\n        font-size: var(--largeText-font-size);\n        margin-top: var(--largeText-margin-top);\n        margin-bottom: var(--largeText-margin-bottom);\n        }\n        p.u-small-text\n        {\n        font-size: var(--smallText-font-size);\n        margin-top: var(--smallText-margin-top);\n        margin-bottom: var(--smallText-margin-bottom);\n        }\n        p:not(.u-text-variant)\n        {\n        margin-top: var(--text-margin-top);\n        margin-bottom: var(--text-margin-bottom);\n        }\n        .u-btn\n        {\n        margin-top: var(--button-margin-top);\n        margin-bottom: var(--button-margin-bottom);\n        }\n        blockquote\n        {\n        font-style: var(--blockquote-font-style);\n        padding-left: var(--blockquote-padding-left);\n        border-width: var(--blockquote-border-width);\n        margin-top: var(--blockquote-margin-top);\n        margin-bottom: var(--blockquote-margin-bottom);\n        }\n        .u-metadata\n        {\n        margin-top: var(--metadata-margin-top);\n        margin-bottom: var(--metadata-margin-bottom);\n        }\n        ul:not(.u-unstyled)\n        {\n        margin-top: var(--list-margin-top);\n        margin-bottom: var(--list-margin-bottom);\n        }\n        ol\n        {\n        margin-top: var(--orderedlist-margin-top);\n        margin-bottom: var(--orderedlist-margin-bottom);\n        }\n        .u-post-content\n        {\n        margin-top: var(--postContent-margin-top);\n        margin-bottom: var(--postContent-margin-bottom);\n        }\n        /** common-rules **/\n\n        /** publish-rules **/\n        /*begin-media rules*/\n        @media (max-width: 767px) {\n        h1.u-title\n        {\n        font-size: var(--title-font-size-sm);\n        }\n        }\n        @media (max-width: 575px) {\n        h1.u-title\n        {\n        font-size: var(--title-font-size-xs);\n        }\n        }\n        @media (max-width: 575px) {\n        h2.u-subtitle\n        {\n        font-size: var(--subtitle-font-size-xs);\n        }\n        }\n        @media (max-width: 575px) {\n        h1:not(.u-title)\n        {\n        font-size: var(--h1-font-size-xs);\n        }\n        }\n        @media (max-width: 575px) {\n        h2:not(.u-subtitle)\n        {\n        font-size: var(--h2-font-size-xs);\n        }\n        }\n        @media (max-width: 575px) {\n        h3\n        {\n        font-size: var(--h3-font-size-xs);\n        }\n        }\n        /*end-media rules*/\n        /** publish-rules **/\n\n        \n\n        /** cms-rules **/\n        /*begin-responsive rules*/\n        .u-sm h1.u-title\n        {\n        font-size: var(--title-font-size-sm);\n        }\n        .u-xs h1.u-title\n        {\n        font-size: var(--title-font-size-xs);\n        }\n        .u-xs h2.u-subtitle\n        {\n        font-size: var(--subtitle-font-size-xs);\n        }\n        .u-xs h1:not(.u-title)\n        {\n        font-size: var(--h1-font-size-xs);\n        }\n        .u-xs h2:not(.u-subtitle)\n        {\n        font-size: var(--h2-font-size-xs);\n        }\n        .u-xs h3\n        {\n        font-size: var(--h3-font-size-xs);\n        }\n        /*end-responsive rules*/\n        /** cms-rules **/\n\n        /** color-rules **/\n        .u-overlap.u-overlap-transparent:not(.u-overlap-contrast) .u-header :not(.u-nav-item) > a,\n        .u-gradient > .u-container-layout > a,\n        .u-image:not(.u-shading) > .u-container-layout > a,\n        a\n        {\n        color: var(--hyperlink-color);\n        }\n        .u-overlap.u-overlap-transparent:not(.u-overlap-contrast) .u-header :not(.u-nav-item) > a:hover,\n        .u-gradient > .u-container-layout > a:hover,\n        .u-image:not(.u-shading) > .u-container-layout > a:hover,\n        a:hover\n        {\n        color: var(--hyperlink-hover-color);\n        }\n        .u-overlap.u-overlap-transparent:not(.u-overlap-contrast) .u-header :not(.u-nav-item) > .u-btn,\n        .u-gradient > .u-container-layout > .u-btn,\n        .u-image:not(.u-shading) > .u-container-layout > .u-btn,\n        .u-btn\n        {\n        background-color: var(--button-background-color);\n        color: var(--button-color);\n        }\n        .u-overlap.u-overlap-transparent:not(.u-overlap-contrast) .u-header :not(.u-nav-item) > .u-btn:hover,\n        .u-gradient > .u-container-layout > .u-btn:hover,\n        .u-image:not(.u-shading) > .u-container-layout > .u-btn:hover,\n        .u-btn:hover\n        {\n        background-color: var(--button-hover-background-color);\n        color: var(--button-hover-color);\n        }\n        .u-overlap.u-overlap-transparent:not(.u-overlap-contrast) .u-header :not(.u-nav-item) > .u-btn:focus,\n        .u-gradient > .u-container-layout > .u-btn:focus,\n        .u-image:not(.u-shading) > .u-container-layout > .u-btn:focus,\n        .u-btn:focus\n        {\n        background-color: var(--button-hover-background-color);\n        color: var(--button-hover-color);\n        }\n        .u-overlap.u-overlap-transparent:not(.u-overlap-contrast) .u-header :not(.u-nav-item) > .u-btn:active,\n        .u-gradient > .u-container-layout > .u-btn:active,\n        .u-image:not(.u-shading) > .u-container-layout > .u-btn:active,\n        .u-btn:active\n        {\n        background-color: var(--button-active-background-color);\n        color: var(--button-active-color);\n        }\n        .u-overlap.u-overlap-transparent:not(.u-overlap-contrast) .u-header :not(.u-nav-item) > blockquote,\n        .u-gradient > .u-container-layout > blockquote,\n        .u-image:not(.u-shading) > .u-container-layout > blockquote,\n        blockquote\n        {\n        border-color: var(--blockquote-border-color);\n        }\n        /** color-rules **/\n\n        /** alt-color-rules **/\n        .u-shading a,.u-overlap-contrast .u-header a:not(.u-nav-link):not(.u-btn)\n        {\n        color: var(--hyperlink-alt-text-color);\n        }\n        /** alt-color-rules **/\n    </style><style id=\"font-scheme\" font-scheme=\"Roboto-OpenSans\" heading-font=\"Roboto,sans-serif\" text-font=\"'Open Sans',sans-serif\">.u-body {\n   --text-font: 'Open Sans',sans-serif;\n   --heading-font: Roboto,sans-serif;\n}</style>","appVersion":"4.3.0","isTrial":false}