{"id":1268309,"items":[{"id":1268310,"status":2,"title":"Home 1","order":0,"templateKey":null,"pageLinks":[]}],"metaTags":null,"order":"0","headHtml":null,"customCss":null,"headerHtml":"<section class=\"u-align-center-sm u-align-center-xs u-clearfix u-header u-block-6c1a-1\" custom-posts-hash=\"[]\" data-style=\"header-logo-menu-social-icons\" data-post-id=\"952584304\" data-section-properties=\"{&quot;grid-spacing&quot;:&quot;0&quot;,&quot;align&quot;:&quot;left&quot;,&quot;stretch&quot;:true}\" data-id=\"6c1a\" id=\"sec-6df1\">\n  <div class=\"u-clearfix u-sheet u-valign-middle u-block-6c1a-2\">\n    <a href=\"#\" class=\"u-image u-logo u-block-6c1a-12\" data-brightness=\"\" data-image-width=\"80\" data-image-height=\"40\">\n      <img src=\"np://user.desktop.nicepage.com/Site_1268309/images/d03cc6e5-2eb6-4776-9a93-7e74e581851e_150.png\" class=\"u-logo-image u-block-6c1a-19\">\n    </a>\n    <div class=\"u-social-icons u-spacing-10 u-block-6c1a-3\"><a class=\"u-social-url\" title=\"facebook\" target=\"_blank\" href=\"\"><span class=\"u-icon u-social-facebook u-social-icon u-block-6c1a-20\"><svg class=\"u-svg-link\" preserveAspectRatio=\"xMidYMin slice\" viewBox=\"0 0 112 112\" style=\"\"><use xlink:href=\"#svg-59e3\"></use></svg><svg xmlns=\"http://www.w3.org/2000/svg\" xmlns:xlink=\"http://www.w3.org/1999/xlink\" version=\"1.1\" xml:space=\"preserve\" class=\"u-svg-content\" viewBox=\"0 0 112 112\" x=\"0\" y=\"0\" id=\"svg-59e3\" data-color=\"#3b5998\"><circle fill=\"currentColor\" cx=\"56.1\" cy=\"56.1\" r=\"55\"></circle><path fill=\"#FFFFFF\" d=\"M73.5,31.6h-9.1c-1.4,0-3.6,0.8-3.6,3.9v8.5h12.6L72,58.3H60.8v40.8H43.9V58.3h-8V43.9h8v-9.2\n            c0-6.7,3.1-17,17-17h12.5v13.9H73.5z\"></path></svg></span></a><a class=\"u-social-url\" title=\"twitter\" target=\"_blank\" href=\"\"><span class=\"u-icon u-social-icon u-social-twitter u-block-6c1a-21\"><svg class=\"u-svg-link\" preserveAspectRatio=\"xMidYMin slice\" viewBox=\"0 0 112 112\" style=\"\"><use xlink:href=\"#svg-2323\"></use></svg><svg xmlns=\"http://www.w3.org/2000/svg\" xmlns:xlink=\"http://www.w3.org/1999/xlink\" version=\"1.1\" xml:space=\"preserve\" class=\"u-svg-content\" viewBox=\"0 0 112 112\" x=\"0\" y=\"0\" id=\"svg-2323\" data-color=\"#55acee\"><circle fill=\"currentColor\" class=\"st0\" cx=\"56.1\" cy=\"56.1\" r=\"55\"></circle><path fill=\"#FFFFFF\" d=\"M83.8,47.3c0,0.6,0,1.2,0,1.7c0,17.7-13.5,38.2-38.2,38.2C38,87.2,31,85,25,81.2c1,0.1,2.1,0.2,3.2,0.2\n            c6.3,0,12.1-2.1,16.7-5.7c-5.9-0.1-10.8-4-12.5-9.3c0.8,0.2,1.7,0.2,2.5,0.2c1.2,0,2.4-0.2,3.5-0.5c-6.1-1.2-10.8-6.7-10.8-13.1\n            c0-0.1,0-0.1,0-0.2c1.8,1,3.9,1.6,6.1,1.7c-3.6-2.4-6-6.5-6-11.2c0-2.5,0.7-4.8,1.8-6.7c6.6,8.1,16.5,13.5,27.6,14\n            c-0.2-1-0.3-2-0.3-3.1c0-7.4,6-13.4,13.4-13.4c3.9,0,7.3,1.6,9.8,4.2c3.1-0.6,5.9-1.7,8.5-3.3c-1,3.1-3.1,5.8-5.9,7.4\n            c2.7-0.3,5.3-1,7.7-2.1C88.7,43,86.4,45.4,83.8,47.3z\"></path></svg></span></a><a class=\"u-social-url\" title=\"instagram\" target=\"_blank\" href=\"\"><span class=\"u-icon u-social-icon u-social-instagram u-block-6c1a-22\"><svg class=\"u-svg-link\" preserveAspectRatio=\"xMidYMin slice\" viewBox=\"0 0 112 112\" style=\"\"><use xlink:href=\"#svg-b23c\"></use></svg><svg xmlns=\"http://www.w3.org/2000/svg\" xmlns:xlink=\"http://www.w3.org/1999/xlink\" version=\"1.1\" xml:space=\"preserve\" class=\"u-svg-content\" viewBox=\"0 0 112 112\" x=\"0\" y=\"0\" id=\"svg-b23c\" data-color=\"#c536a4\"><circle fill=\"currentColor\" cx=\"56.1\" cy=\"56.1\" r=\"55\"></circle><path fill=\"#FFFFFF\" d=\"M55.9,38.2c-9.9,0-17.9,8-17.9,17.9C38,66,46,74,55.9,74c9.9,0,17.9-8,17.9-17.9C73.8,46.2,65.8,38.2,55.9,38.2\n            z M55.9,66.4c-5.7,0-10.3-4.6-10.3-10.3c-0.1-5.7,4.6-10.3,10.3-10.3c5.7,0,10.3,4.6,10.3,10.3C66.2,61.8,61.6,66.4,55.9,66.4z\"></path><path fill=\"#FFFFFF\" d=\"M74.3,33.5c-2.3,0-4.2,1.9-4.2,4.2s1.9,4.2,4.2,4.2s4.2-1.9,4.2-4.2S76.6,33.5,74.3,33.5z\"></path><path fill=\"#FFFFFF\" d=\"M73.1,21.3H38.6c-9.7,0-17.5,7.9-17.5,17.5v34.5c0,9.7,7.9,17.6,17.5,17.6h34.5c9.7,0,17.5-7.9,17.5-17.5V38.8\n            C90.6,29.1,82.7,21.3,73.1,21.3z M83,73.3c0,5.5-4.5,9.9-9.9,9.9H38.6c-5.5,0-9.9-4.5-9.9-9.9V38.8c0-5.5,4.5-9.9,9.9-9.9h34.5\n            c5.5,0,9.9,4.5,9.9,9.9V73.3z\"></path></svg></span></a></div>\n    <nav class=\"u-align-left u-menu u-menu-dropdown u-offcanvas u-block-6c1a-7\" data-responsive-from=\"XL\">\n      <div class=\"menu-collapse\" style=\"font-size: 1rem;\">\n        <a class=\"u-button-style u-nav-link\" href=\"#\">\n          <svg class=\"u-svg-link\" preserveAspectRatio=\"xMidYMin slice\" viewBox=\"0 0 302 302\" style=\"\"><use xlink:href=\"#svg-8a8f\"></use></svg>\n          <svg xmlns=\"http://www.w3.org/2000/svg\" xmlns:xlink=\"http://www.w3.org/1999/xlink\" version=\"1.1\" id=\"svg-8a8f\" x=\"0px\" y=\"0px\" viewBox=\"0 0 302 302\" style=\"enable-background:new 0 0 302 302;\" xml:space=\"preserve\" class=\"u-svg-content\"><g><rect y=\"36\" width=\"302\" height=\"30\"></rect><rect y=\"236\" width=\"302\" height=\"30\"></rect><rect y=\"136\" width=\"302\" height=\"30\"></rect>\n</g><g></g><g></g><g></g><g></g><g></g><g></g><g></g><g></g><g></g><g></g><g></g><g></g><g></g><g></g><g></g></svg>\n        </a>\n      </div>\n      <div class=\"u-custom-menu u-nav-container\">\n        <ul class=\"u-nav u-spacing-2 u-unstyled u-block-6c1a-23\"><li class=\"u-nav-item\"><a class=\"u-active-grey-5 u-button-style u-hover-grey-10 u-nav-link u-text-active-grey-90 u-text-grey-90 u-text-hover-grey-90\" href=\"/Home.html\" data-page-id=\"1102022\" style=\"padding: 10px 20px;\">Home</a></li></ul>\n      </div>\n      <div class=\"u-custom-menu u-nav-container-collapse\">\n        <div class=\"u-align-center u-black u-container-style u-inner-container-layout u-opacity u-opacity-95 u-sidenav u-block-6c1a-9\">\n          <div class=\"u-inner-container-layout u-sidenav-overflow\">\n            <div class=\"u-menu-close u-block-6c1a-10\"></div>\n            <ul class=\"u-align-center u-nav u-popupmenu-items u-unstyled u-block-6c1a-11\"><li class=\"u-nav-item\"><a class=\"u-button-style u-nav-link\" href=\"/Home.html\" data-page-id=\"1102022\" style=\"padding: 8px 0px;\">Home</a></li></ul>\n          </div>\n        </div>\n        <div class=\"u-black u-menu-overlay u-opacity u-opacity-70\"></div>\n      </div>\n    </nav>\n  </div>\n  <style data-mode=\"XL\" data-visited=\"true\">@media (min-width: 1200px){ .u-block-6c1a-1 {background-image: none}\n.u-block-6c1a-2 {min-height: 70px}\n.u-block-6c1a-12 {width: 63px; height: 32px; margin-top: 18px; margin-right: auto; margin-bottom: 0px; margin-left: 0px}\n.u-block-6c1a-19 {font-size: 1rem; width: 100%; height: 100%}\n.u-block-6c1a-3 {white-space: nowrap; height: 26px; min-height: 16px; width: 98px; min-width: 68px; margin-top: -29px; margin-right: 0px; margin-bottom: 0px; margin-left: auto}\n.u-block-6c1a-20 {color: rgb(59, 89, 152) !important}\n.u-block-6c1a-21 {color: rgb(85, 172, 238) !important}\n.u-block-6c1a-22 {color: rgb(197, 54, 164) !important}\n.u-block-6c1a-7 {margin-top: -31px; margin-right: 118px; margin-bottom: 16px; margin-left: auto}\n.u-block-6c1a-23 {font-size: 1rem}\n.u-block-6c1a-11 {font-size: 1rem} }</style>\n  <style data-mode=\"LG\">@media (max-width: 1199px) and (min-width: 992px){ .u-block-6c1a-1 {background-image: none}\n.u-block-6c1a-2 {min-height: 70px}\n.u-block-6c1a-12 {margin-top: 18px; margin-right: auto; margin-bottom: 0px; margin-left: 0px; width: 63px; height: 32px}\n.u-block-6c1a-19 {font-size: 1rem; width: 100%; height: 100%}\n.u-block-6c1a-3 {white-space: nowrap; height: 26px; min-height: 16px; width: 98px; min-width: 68px; margin-top: -29px; margin-right: 0px; margin-bottom: 0px; margin-left: auto}\n.u-block-6c1a-20 {color: rgb(59, 89, 152) !important}\n.u-block-6c1a-21 {color: rgb(85, 172, 238) !important}\n.u-block-6c1a-22 {color: rgb(197, 54, 164) !important}\n.u-block-6c1a-7 {margin-top: -31px; margin-right: auto; margin-bottom: 16px; margin-left: auto}\n.u-block-6c1a-23 {font-size: 1rem}\n.u-block-6c1a-11 {font-size: 1rem} }</style>\n  <style data-mode=\"MD\">@media (max-width: 991px) and (min-width: 768px){ .u-block-6c1a-1 {background-image: none}\n.u-block-6c1a-2 {min-height: 70px}\n.u-block-6c1a-12 {margin-top: 18px; margin-right: auto; margin-bottom: 0px; margin-left: 0px; width: 63px; height: 32px}\n.u-block-6c1a-19 {font-size: 1rem; width: 100%; height: 100%}\n.u-block-6c1a-3 {white-space: nowrap; height: 26px; min-height: 16px; width: 98px; min-width: 68px; margin-top: -29px; margin-right: 0px; margin-bottom: 0px; margin-left: auto}\n.u-block-6c1a-20 {color: rgb(59, 89, 152) !important}\n.u-block-6c1a-21 {color: rgb(85, 172, 238) !important}\n.u-block-6c1a-22 {color: rgb(197, 54, 164) !important}\n.u-block-6c1a-7 {margin-top: -31px; margin-right: auto; margin-bottom: 16px; margin-left: auto}\n.u-block-6c1a-23 {font-size: 1rem}\n.u-block-6c1a-11 {font-size: 1rem} }</style>\n  <style data-mode=\"SM\" data-visited=\"true\">@media (max-width: 767px) and (min-width: 576px){ .u-block-6c1a-1 {background-image: none}\n.u-block-6c1a-2 {min-height: 148px}\n.u-block-6c1a-12 {margin-top: 9px; margin-left: auto; margin-right: auto; margin-bottom: 0px; width: 63px; height: 32px}\n.u-block-6c1a-19 {font-size: 1rem; width: 100%; height: 100%}\n.u-block-6c1a-3 {white-space: nowrap; height: 26px; min-height: 16px; width: 98px; min-width: 68px; margin-top: 20px; margin-left: auto; margin-right: auto; margin-bottom: 0px}\n.u-block-6c1a-20 {color: rgb(59, 89, 152) !important}\n.u-block-6c1a-21 {color: rgb(85, 172, 238) !important}\n.u-block-6c1a-22 {color: rgb(197, 54, 164) !important}\n.u-block-6c1a-7 {margin-top: 20px; margin-left: auto; margin-right: auto; margin-bottom: 9px}\n.u-block-6c1a-23 {font-size: 1rem}\n.u-block-6c1a-11 {font-size: 1rem} }</style>\n  <style data-mode=\"XS\" data-visited=\"true\">@media (max-width: 575px){ .u-block-6c1a-1 {background-image: none}\n.u-block-6c1a-2 {min-height: 165px}\n.u-block-6c1a-12 {margin-top: 18px; margin-left: auto; margin-right: auto; margin-bottom: 0px; width: 63px; height: 32px}\n.u-block-6c1a-19 {font-size: 1rem; width: 100%; height: 100%}\n.u-block-6c1a-3 {white-space: nowrap; height: 26px; min-height: 16px; width: 98px; min-width: 68px; margin-top: 20px; margin-left: auto; margin-right: auto; margin-bottom: 0px}\n.u-block-6c1a-20 {color: rgb(59, 89, 152) !important}\n.u-block-6c1a-21 {color: rgb(85, 172, 238) !important}\n.u-block-6c1a-22 {color: rgb(197, 54, 164) !important}\n.u-block-6c1a-7 {margin-top: 20px; margin-left: auto; margin-right: auto; margin-bottom: 18px}\n.u-block-6c1a-23 {font-size: 1rem}\n.u-block-6c1a-11 {font-size: 1rem} }</style>\n</section>","footerHtml":"<section class=\"u-clearfix u-footer u-grey-80 u-block-c104-1\" custom-posts-hash=\"[T,T,T,T]\" data-style=\"footer-4-cols-4\" data-post-id=\"3953528025;2128482347;2128482347;2128482347\" data-section-properties=\"{&quot;grid-spacing&quot;:&quot;30&quot;,&quot;spacingAdditional&quot;:&quot;none&quot;,&quot;align&quot;:&quot;center&quot;,&quot;stretch&quot;:true}\" data-id=\"c104\" id=\"sec-89e0\">\n  <div class=\"u-clearfix u-sheet u-block-c104-2\" data-height-md=\"279.125\" data-height-sm=\"459.125\" data-height-lg=\"279.125\" data-height-xs=\"180.125\">\n    \n    <div class=\"u-clearfix u-expanded-width-lg u-expanded-width-md u-expanded-width-xl u-expanded-width-xs u-gutter-30 u-layout-wrap u-block-c104-3\">\n      <div class=\"u-gutter-0 u-layout\">\n        <div class=\"u-layout-row\">\n          <div class=\"u-align-left u-container-style u-layout-cell u-left-cell u-size-21 u-size-30-md u-block-c104-4\">\n            <div class=\"u-container-layout u-block-c104-5\">\n              \n              <p class=\"u-small-text u-text u-block-c104-6\">Copyright © 2018 All rights reserved. \n<br>This template is made with  by <a href=\"https://nicepage.com/\" target=\"_blank\">Nicepage</a>&nbsp;</p>\n            <div class=\"u-social-icons u-spacing-10 u-block-c104-7\"><a class=\"u-social-url\" target=\"_blank\" href=\"\"><span class=\"u-icon u-icon-circle u-social-facebook u-social-icon u-block-c104-8\"><svg class=\"u-svg-link\" preserveAspectRatio=\"xMidYMin slice\" viewBox=\"0 0 112.2 112.2\" style=\"undefined\"><use xlink:href=\"#svg-19a5\"></use></svg><svg x=\"0px\" y=\"0px\" viewBox=\"0 0 112.2 112.2\" enable-background=\"new 0 0 112.2 112.2\" xml:space=\"preserve\" id=\"svg-19a5\" class=\"u-svg-content\">\n        <path d=\"M75.5,28.8H65.4c-1.5,0-4,0.9-4,4.3v9.4h13.9l-1.5,15.8H61.4v45.1H42.8V58.3h-8.8V42.4h8.8V32.2 c0-7.4,3.4-18.8,18.8-18.8h13.8v15.4H75.5z\"></path>\n    </svg></span></a><a class=\"u-social-url\" target=\"_blank\" href=\"\"><span class=\"u-icon u-icon-circle u-social-icon u-social-twitter u-block-c104-9\"><svg class=\"u-svg-link\" preserveAspectRatio=\"xMidYMin slice\" viewBox=\"0 0 112.2 112.2\" style=\"undefined\"><use xlink:href=\"#svg-059a\"></use></svg><svg x=\"0px\" y=\"0px\" viewBox=\"0 0 112.2 112.2\" enable-background=\"new 0 0 112.2 112.2\" xml:space=\"preserve\" id=\"svg-059a\" class=\"u-svg-content\">\n        <path d=\"M92.2,38.2c0,0.8,0,1.6,0,2.3c0,24.3-18.6,52.4-52.6,52.4c-10.6,0.1-20.2-2.9-28.5-8.2 c1.4,0.2,2.9,0.2,4.4,0.2c8.7,0,16.7-2.9,23-7.9c-8.1-0.2-14.9-5.5-17.3-12.8c1.1,0.2,2.4,0.2,3.4,0.2c1.6,0,3.3-0.2,4.8-0.7 c-8.4-1.6-14.9-9.2-14.9-18c0-0.2,0-0.2,0-0.2c2.5,1.4,5.4,2.2,8.4,2.3c-5-3.3-8.3-8.9-8.3-15.4c0-3.4,1-6.5,2.5-9.2 c9.1,11.1,22.7,18.5,38,19.2c-0.2-1.4-0.4-2.8-0.4-4.3c0.1-10,8.3-18.2,18.5-18.2c5.4,0,10.1,2.2,13.5,5.7c4.3-0.8,8.1-2.3,11.7-4.5 c-1.4,4.3-4.3,7.9-8.1,10.1c3.7-0.4,7.3-1.4,10.6-2.9C98.9,32.3,95.7,35.5,92.2,38.2z\"></path>\n    </svg></span></a><a class=\"u-social-url\" target=\"_blank\" href=\"\"><span class=\"u-icon u-icon-circle u-social-icon u-social-instagram u-block-c104-10\"><svg class=\"u-svg-link\" preserveAspectRatio=\"xMidYMin slice\" viewBox=\"0 0 112.2 112.2\" style=\"undefined\"><use xlink:href=\"#svg-e1d4\"></use></svg><svg x=\"0px\" y=\"0px\" viewBox=\"0 0 112.2 112.2\" enable-background=\"new 0 0 112.2 112.2\" xml:space=\"preserve\" id=\"svg-e1d4\" class=\"u-svg-content\">\n        <path d=\"M55.9,32.9c-12.8,0-23.2,10.4-23.2,23.2s10.4,23.2,23.2,23.2s23.2-10.4,23.2-23.2S68.7,32.9,55.9,32.9z M55.9,69.4c-7.4,0-13.3-6-13.3-13.3c-0.1-7.4,6-13.3,13.3-13.3s13.3,6,13.3,13.3C69.3,63.5,63.3,69.4,55.9,69.4z\"></path>\n        <path d=\"M79.7,26.8c-3,0-5.4,2.5-5.4,5.4s2.5,5.4,5.4,5.4c3,0,5.4-2.5,5.4-5.4S82.7,26.8,79.7,26.8z\"></path>\n        <path d=\"M78.2,11H33.5C21,11,10.8,21.3,10.8,33.7v44.7c0,12.6,10.2,22.8,22.7,22.8h44.7c12.6,0,22.7-10.2,22.7-22.7 V33.7C100.8,21.1,90.6,11,78.2,11z M91,78.4c0,7.1-5.8,12.8-12.8,12.8H33.5c-7.1,0-12.8-5.8-12.8-12.8V33.7 c0-7.1,5.8-12.8,12.8-12.8h44.7c7.1,0,12.8,5.8,12.8,12.8V78.4z\"></path>\n    </svg></span></a><a class=\"u-social-url\" target=\"_blank\" href=\"\"><span class=\"u-icon u-icon-circle u-social-icon u-social-linkedin u-block-c104-11\"><svg class=\"u-svg-link\" preserveAspectRatio=\"xMidYMin slice\" viewBox=\"0 0 112.2 112.2\" style=\"undefined\"><use xlink:href=\"#svg-1674\"></use></svg><svg x=\"0px\" y=\"0px\" viewBox=\"0 0 112.2 112.2\" enable-background=\"new 0 0 112.2 112.2\" xml:space=\"preserve\" id=\"svg-1674\" class=\"u-svg-content\">\n        <path d=\"M33.8,96.8H14.5v-58h19.3V96.8z M24.1,30.9L24.1,30.9c-6.6,0-10.8-4.5-10.8-10.1c0-5.8,4.3-10.1,10.9-10.1 S34.9,15,35.1,20.8C35.1,26.4,30.8,30.9,24.1,30.9z M103.3,96.8H84.1v-31c0-7.8-2.7-13.1-9.8-13.1c-5.3,0-8.5,3.6-9.9,7.1 c-0.6,1.3-0.6,3-0.6,4.8V97H44.5c0,0,0.3-52.6,0-58h19.3v8.2c2.6-3.9,7.2-9.6,17.4-9.6c12.7,0,22.2,8.4,22.2,26.1V96.8z\"></path>\n    </svg></span></a></div></div>\n          </div>\n          <div class=\"u-align-left u-container-style u-layout-cell u-size-13 u-size-30-md u-block-c104-12\">\n            <div class=\"u-container-layout u-block-c104-13\">\n              \n              \n            <a href=\"#\" class=\"u-border-0 u-border-none u-link u-no-underline u-text-body-alt-color u-block-c104-14\">Home</a><a href=\"#\" class=\"u-border-0 u-border-none u-link u-no-underline u-text-body-alt-color u-block-c104-15\">About</a><a href=\"#\" class=\"u-border-0 u-border-none u-link u-no-underline u-text-body-alt-color u-block-c104-16\">Blog</a><a href=\"#\" class=\"u-border-0 u-border-none u-link u-no-underline u-text-body-alt-color u-block-c104-17\">Portfolio</a></div>\n          </div>\n          <div class=\"u-align-left u-container-style u-layout-cell u-size-13 u-size-30-md u-block-c104-18\">\n            <div class=\"u-container-layout u-block-c104-19\">\n              \n              \n            <a href=\"#\" class=\"u-border-0 u-border-none u-link u-no-underline u-text-body-alt-color u-block-c104-20\">Terms &amp; Conditions</a><a href=\"#\" class=\"u-border-0 u-border-none u-link u-no-underline u-text-body-alt-color u-block-c104-21\">FAQ</a><a href=\"#\" class=\"u-border-0 u-border-none u-link u-no-underline u-text-body-alt-color u-block-c104-22\">Help Desk</a><a href=\"#\" class=\"u-border-0 u-border-none u-link u-no-underline u-text-body-alt-color u-block-c104-23\">Job Aplications</a></div>\n          </div>\n          <div class=\"u-align-left u-container-style u-layout-cell u-right-cell u-size-13 u-size-30-md u-block-c104-24\">\n            <div class=\"u-container-layout u-block-c104-25\">\n              \n              \n            <a href=\"#\" class=\"u-border-0 u-border-none u-link u-no-underline u-text-body-alt-color u-block-c104-26\">Privacy</a><a href=\"#\" class=\"u-border-0 u-border-none u-link u-no-underline u-text-body-alt-color u-block-c104-27\">Contact us</a><a href=\"#\" class=\"u-border-0 u-border-none u-link u-no-underline u-text-body-alt-color u-block-c104-28\">Newsletter</a><a href=\"#\" class=\"u-border-0 u-border-none u-link u-no-underline u-text-body-alt-color u-block-c104-29\">Clients Testimonials</a></div>\n          </div>\n        </div>\n      </div>\n    </div>\n    \n  </div>\n  <style data-mode=\"XL\" wfd-invisible=\"true\">@media (min-width: 1200px){ .u-block-c104-2 {min-height: 279.125px}\n.u-block-c104-3 {margin-top: 50px; margin-right: auto; margin-bottom: 0px; margin-left: 0px}\n.u-block-c104-4 {background-image: none; min-height: 180px}\n.u-block-c104-5 {padding-right: 37.8948px}\n.u-block-c104-6 {margin-top: 42px; margin-right: 10px; margin-bottom: 0px; margin-left: 0px}\n.u-block-c104-7 {white-space: nowrap; height: 19.125px; min-height: 16px; width: 106.5px; min-width: 94px; margin-top: 11.875px; margin-right: auto; margin-bottom: 15px; margin-left: 0px}\n.u-block-c104-8 {height: 100%}\n.u-block-c104-9 {height: 100%}\n.u-block-c104-10 {height: 100%}\n.u-block-c104-11 {height: 100%}\n.u-block-c104-12 {background-image: none; min-height: 180px}\n.u-block-c104-14 {margin-left: 20px; margin-right: auto; padding-bottom: 2px}\n.u-block-c104-15 {padding-bottom: 2px; margin-top: -3px; margin-right: auto; margin-bottom: 0px; margin-left: 20px}\n.u-block-c104-16 {padding-bottom: 2px; margin-top: 0px; margin-right: auto; margin-bottom: 0px; margin-left: 20px}\n.u-block-c104-17 {padding-bottom: 2px; margin-top: 3px; margin-right: auto; margin-bottom: 15px; margin-left: 20px}\n.u-block-c104-18 {background-image: none; min-height: 180px}\n.u-block-c104-19 {padding-right: 37.8948px}\n.u-block-c104-20 {margin-left: 20px; margin-right: auto; padding-bottom: 2px}\n.u-block-c104-21 {padding-bottom: 2px; margin-top: -3px; margin-right: auto; margin-bottom: 0px; margin-left: 20px}\n.u-block-c104-22 {padding-bottom: 2px; margin-top: 0px; margin-right: auto; margin-bottom: 0px; margin-left: 20px}\n.u-block-c104-23 {padding-bottom: 2px; margin-top: 3px; margin-right: auto; margin-bottom: 15px; margin-left: 20px}\n.u-block-c104-24 {min-height: 180px; background-image: none}\n.u-block-c104-26 {margin-left: 20px; margin-right: auto; padding-bottom: 2px}\n.u-block-c104-27 {padding-bottom: 2px; margin-top: -3px; margin-right: auto; margin-bottom: 0px; margin-left: 20px}\n.u-block-c104-28 {padding-bottom: 2px; margin-top: 0px; margin-right: auto; margin-bottom: 0px; margin-left: 20px}\n.u-block-c104-29 {padding-bottom: 2px; margin-top: 3px; margin-right: auto; margin-bottom: 15px; margin-left: 20px} }</style>\n  <style data-mode=\"LG\" wfd-invisible=\"true\">@media (max-width: 1199px) and (min-width: 992px){ .u-block-c104-2 {min-height: 180.125px}\n.u-block-c104-3 {margin-top: 50px; margin-bottom: 0px}\n.u-block-c104-4 {min-height: 180px; background-image: none}\n.u-block-c104-5 {padding-right: 49.4737px}\n.u-block-c104-6 {margin-top: 42px; margin-bottom: 0px; margin-left: 0px; margin-right: 8.2457px}\n.u-block-c104-7 {white-space: nowrap; height: 19.125px; min-height: 16px; width: 106.5px; min-width: 94px; margin-top: 11.875px; margin-bottom: 15px; margin-left: 0px; margin-right: auto}\n.u-block-c104-8 {height: 100%}\n.u-block-c104-9 {height: 100%}\n.u-block-c104-10 {height: 100%}\n.u-block-c104-11 {height: 100%}\n.u-block-c104-12 {background-image: none; min-height: 180px}\n.u-block-c104-14 {margin-left: 16.4913px; margin-right: auto; position: relative; padding-bottom: 2px}\n.u-block-c104-15 {padding-bottom: 2px; margin-top: -3px; margin-right: auto; margin-bottom: 0px; margin-left: 16.4913px}\n.u-block-c104-16 {padding-bottom: 2px; margin-top: 0px; margin-right: auto; margin-bottom: 0px; margin-left: 16.4913px}\n.u-block-c104-17 {padding-bottom: 2px; margin-top: 3px; margin-right: auto; margin-bottom: 15px; margin-left: 16.4913px}\n.u-block-c104-18 {min-height: 180px; background-image: none}\n.u-block-c104-19 {padding-right: 49.4737px}\n.u-block-c104-20 {margin-left: 16.4913px; margin-right: auto; position: relative; padding-bottom: 2px}\n.u-block-c104-21 {padding-bottom: 2px; margin-top: -3px; margin-right: auto; margin-bottom: 0px; margin-left: 16.4913px}\n.u-block-c104-22 {padding-bottom: 2px; margin-top: 0px; margin-right: auto; margin-bottom: 0px; margin-left: 16.4913px}\n.u-block-c104-23 {padding-bottom: 2px; margin-top: 3px; margin-right: auto; margin-bottom: 15px; margin-left: 16.4913px}\n.u-block-c104-24 {min-height: 180px; background-image: none}\n.u-block-c104-26 {margin-left: 16.4913px; margin-right: auto; position: relative; padding-bottom: 2px}\n.u-block-c104-27 {padding-bottom: 2px; margin-top: -3px; margin-right: auto; margin-bottom: 0px; margin-left: 16.4913px}\n.u-block-c104-28 {padding-bottom: 2px; margin-top: 0px; margin-right: auto; margin-bottom: 0px; margin-left: 16.4913px}\n.u-block-c104-29 {padding-bottom: 2px; margin-top: 3px; margin-right: auto; margin-bottom: 15px; margin-left: 16.4913px} }</style>\n  <style data-mode=\"MD\" wfd-invisible=\"true\">@media (max-width: 991px) and (min-width: 768px){ .u-block-c104-2 {min-height: 180.125px}\n.u-block-c104-3 {margin-top: 50px; margin-bottom: 0px}\n.u-block-c104-4 {min-height: 180px; background-image: none}\n.u-block-c104-5 {padding-right: 37.8948px}\n.u-block-c104-6 {margin-top: 42px; margin-bottom: 0px; margin-left: 0px; margin-right: 6.3158px}\n.u-block-c104-7 {white-space: nowrap; height: 19.125px; min-height: 16px; width: 106.5px; min-width: 94px; margin-top: 11.875px; margin-bottom: 15px; margin-left: 0px; margin-right: auto}\n.u-block-c104-8 {height: 100%}\n.u-block-c104-9 {height: 100%}\n.u-block-c104-10 {height: 100%}\n.u-block-c104-11 {height: 100%}\n.u-block-c104-12 {background-image: none; min-height: 180px}\n.u-block-c104-14 {margin-left: 12.6316px; margin-right: auto; position: relative; padding-bottom: 2px}\n.u-block-c104-15 {padding-bottom: 2px; margin-top: -3px; margin-right: auto; margin-bottom: 0px; margin-left: 12.6316px}\n.u-block-c104-16 {padding-bottom: 2px; margin-top: 0px; margin-right: auto; margin-bottom: 0px; margin-left: 12.6316px}\n.u-block-c104-17 {padding-bottom: 2px; margin-top: 3px; margin-right: auto; margin-bottom: 15px; margin-left: 12.6316px}\n.u-block-c104-18 {min-height: 180px; background-image: none}\n.u-block-c104-19 {padding-right: 37.8948px}\n.u-block-c104-20 {margin-left: 12.6316px; margin-right: auto; position: relative; padding-bottom: 2px}\n.u-block-c104-21 {padding-bottom: 2px; margin-top: -3px; margin-right: auto; margin-bottom: 0px; margin-left: 12.6316px}\n.u-block-c104-22 {padding-bottom: 2px; margin-top: 0px; margin-right: auto; margin-bottom: 0px; margin-left: 12.6316px}\n.u-block-c104-23 {padding-bottom: 2px; margin-top: 3px; margin-right: auto; margin-bottom: 15px; margin-left: 12.6316px}\n.u-block-c104-24 {min-height: 180px; background-image: none}\n.u-block-c104-26 {margin-left: 12.6316px; margin-right: auto; position: relative; padding-bottom: 2px}\n.u-block-c104-27 {padding-bottom: 2px; margin-top: -3px; margin-right: auto; margin-bottom: 0px; margin-left: 12.6316px}\n.u-block-c104-28 {padding-bottom: 2px; margin-top: 0px; margin-right: auto; margin-bottom: 0px; margin-left: 12.6316px}\n.u-block-c104-29 {padding-bottom: 2px; margin-top: 3px; margin-right: auto; margin-bottom: 15px; margin-left: 12.6316px} }</style>\n  <style data-mode=\"SM\" wfd-invisible=\"true\">@media (max-width: 767px) and (min-width: 576px){ .u-block-c104-2 {min-height: 180.125px}\n.u-block-c104-3 {width: 360px; margin-top: 40px; margin-right: auto; margin-bottom: 0px; margin-left: 90px}\n.u-block-c104-4 {min-height: 180px; background-image: none}\n.u-block-c104-5 {padding-right: 28.421px}\n.u-block-c104-6 {position: relative; margin-top: 42px; margin-bottom: 0px; margin-left: 0px; margin-right: 4.7369px}\n.u-block-c104-7 {white-space: nowrap; height: 19.125px; min-height: 16px; width: 106.5px; min-width: 94px; margin-top: 40px; margin-right: auto; margin-bottom: 15px; margin-left: 216.75px}\n.u-block-c104-8 {height: 100%}\n.u-block-c104-9 {height: 100%}\n.u-block-c104-10 {height: 100%}\n.u-block-c104-11 {height: 100%}\n.u-block-c104-12 {background-image: none; min-height: 180px}\n.u-block-c104-14 {margin-left: 9.4737px; margin-right: auto; position: relative; padding-bottom: 2px}\n.u-block-c104-15 {padding-bottom: 2px; margin-top: -3px; margin-right: auto; margin-bottom: 0px; margin-left: 9.4737px}\n.u-block-c104-16 {padding-bottom: 2px; margin-top: 0px; margin-right: auto; margin-bottom: 0px; margin-left: 9.4737px}\n.u-block-c104-17 {padding-bottom: 2px; margin-top: 3px; margin-right: auto; margin-bottom: 15px; margin-left: 9.4737px}\n.u-block-c104-18 {min-height: 180px; background-image: none}\n.u-block-c104-19 {padding-right: 28.421px}\n.u-block-c104-20 {margin-left: 9.4737px; margin-right: auto; position: relative; padding-bottom: 2px}\n.u-block-c104-21 {padding-bottom: 2px; margin-top: -3px; margin-right: auto; margin-bottom: 0px; margin-left: 9.4737px}\n.u-block-c104-22 {padding-bottom: 2px; margin-top: 0px; margin-right: auto; margin-bottom: 0px; margin-left: 9.4737px}\n.u-block-c104-23 {padding-bottom: 2px; margin-top: 3px; margin-right: auto; margin-bottom: 15px; margin-left: 9.4737px}\n.u-block-c104-24 {min-height: 180px; background-image: none}\n.u-block-c104-26 {margin-left: 9.4737px; margin-right: auto; position: relative; padding-bottom: 2px}\n.u-block-c104-27 {padding-bottom: 2px; margin-top: -3px; margin-right: auto; margin-bottom: 0px; margin-left: 9.4737px}\n.u-block-c104-28 {padding-bottom: 2px; margin-top: 0px; margin-right: auto; margin-bottom: 0px; margin-left: 9.4737px}\n.u-block-c104-29 {padding-bottom: 2px; margin-top: 3px; margin-right: auto; margin-bottom: 15px; margin-left: 9.4737px} }</style>\n  <style data-mode=\"XS\" wfd-invisible=\"true\">@media (max-width: 575px){ .u-block-c104-2 {min-height: 462.125px}\n.u-block-c104-3 {margin-top: 40px; margin-bottom: 0px}\n.u-block-c104-4 {min-height: 180px; background-image: none}\n.u-block-c104-5 {padding-right: 17.8948px}\n.u-block-c104-6 {margin-top: 42px; margin-bottom: 0px; margin-left: 0px; margin-right: 3px; position: relative}\n.u-block-c104-7 {white-space: nowrap; height: 19.125px; min-height: 16px; width: 106.5px; min-width: 94px; margin-top: 40px; margin-bottom: 15px; margin-left: 64.6448px; margin-right: auto}\n.u-block-c104-8 {height: 100%}\n.u-block-c104-9 {height: 100%}\n.u-block-c104-10 {height: 100%}\n.u-block-c104-11 {height: 100%}\n.u-block-c104-12 {background-image: none; min-height: 180px}\n.u-block-c104-14 {margin-left: 5.965px; margin-right: auto; position: relative; padding-bottom: 2px}\n.u-block-c104-15 {padding-bottom: 2px; margin-top: -3px; margin-right: auto; margin-bottom: 0px; margin-left: 5.965px}\n.u-block-c104-16 {padding-bottom: 2px; margin-top: 0px; margin-right: auto; margin-bottom: 0px; margin-left: 5.965px}\n.u-block-c104-17 {padding-bottom: 2px; margin-top: 3px; margin-right: auto; margin-bottom: 15px; margin-left: 5.965px}\n.u-block-c104-18 {min-height: 180px; background-image: none}\n.u-block-c104-19 {padding-right: 17.8948px}\n.u-block-c104-20 {margin-left: 5.965px; margin-right: auto; position: relative; padding-bottom: 2px}\n.u-block-c104-21 {padding-bottom: 2px; margin-top: -3px; margin-right: auto; margin-bottom: 0px; margin-left: 5.965px}\n.u-block-c104-22 {padding-bottom: 2px; margin-top: 0px; margin-right: auto; margin-bottom: 0px; margin-left: 5.965px}\n.u-block-c104-23 {padding-bottom: 2px; margin-top: 3px; margin-right: auto; margin-bottom: 15px; margin-left: 5.965px}\n.u-block-c104-24 {min-height: 180px; background-image: none}\n.u-block-c104-26 {margin-left: 5.965px; margin-right: auto; position: relative; padding-bottom: 2px}\n.u-block-c104-27 {padding-bottom: 2px; margin-top: -3px; margin-right: auto; margin-bottom: 0px; margin-left: 5.965px}\n.u-block-c104-28 {padding-bottom: 2px; margin-top: 0px; margin-right: auto; margin-bottom: 0px; margin-left: 5.965px}\n.u-block-c104-29 {padding-bottom: 2px; margin-top: 3px; margin-right: auto; margin-bottom: 15px; margin-left: 5.965px} }</style>\n</section>","hideBacklink":null,"homePageId":1268310,"dateUpdated":1642438426650,"settings":"{\"id\":0,\"colorScheme\":{\"bodyColors\":[\"#111111\",\"#ffffff\"],\"bgColor\":\"#ffffff\",\"colors\":[\"#c0cddd\",\"#f24b00\",\"#ecdc13\",\"#98c81e\",\"#b9c1cc\"],\"shadingContrast\":\"body-alt-color\",\"whiteContrast\":\"body-color\",\"bgContrast\":\"body-color\",\"name\":\"u15\",\"customColors\":[]},\"fontScheme\":{\"name\":\"Roboto-OpenSans\",\"default\":true,\"isDefault\":true,\"fonts\":{\"heading\":\"Roboto, sans-serif\",\"text\":\"Open Sans, sans-serif\",\"accent\":\"Arial, sans-serif\",\"headingTitle\":\"Roboto\",\"textTitle\":\"Open Sans\"}},\"typography\":{\"name\":\"Normal\",\"isDefault\":true,\"title\":{\"font-weight\":\"400\",\"font-size\":4.5,\"line-height\":\"1_1\",\"margin-top\":20,\"margin-bottom\":20,\"SM\":{\"font-size\":3.75},\"XS\":{\"font-size\":3}},\"subtitle\":{\"font-weight\":\"400\",\"font-size\":2.25,\"line-height\":\"1_1\",\"margin-top\":20,\"margin-bottom\":20,\"XS\":{\"font-size\":1.5}},\"h1\":{\"font-weight\":\"400\",\"font-size\":3,\"line-height\":\"1_1\",\"margin-top\":20,\"margin-bottom\":20,\"XS\":{\"font-size\":1.875}},\"h2\":{\"font-weight\":\"400\",\"font-size\":2.25,\"line-height\":\"1_1\",\"margin-top\":20,\"margin-bottom\":20,\"XS\":{\"font-size\":1.5}},\"h3\":{\"font-weight\":\"400\",\"font-size\":1.875,\"line-height\":\"1_2\",\"margin-top\":20,\"margin-bottom\":20,\"XS\":{\"font-size\":1.5}},\"h4\":{\"font-weight\":\"400\",\"font-size\":1.5,\"line-height\":\"1_2\",\"margin-top\":20,\"margin-bottom\":20},\"h5\":{\"font-weight\":\"400\",\"font-size\":1.25,\"line-height\":\"1_2\",\"margin-top\":20,\"margin-bottom\":20},\"h6\":{\"font-weight\":\"400\",\"font-size\":1.125,\"line-height\":\"1_2\",\"margin-top\":20,\"margin-bottom\":20},\"largeText\":{\"font-size\":1.25,\"margin-top\":20,\"margin-bottom\":20},\"smallText\":{\"font-size\":0.875,\"margin-top\":20,\"margin-bottom\":20},\"text\":{\"margin-top\":20,\"margin-bottom\":20},\"hyperlink\":{\"text-color\":\"palette-1-base\"},\"link\":{},\"button\":{\"color\":\"palette-1-base\",\"margin-top\":20,\"margin-bottom\":20},\"blockquote\":{\"font-style\":\"italic\",\"indent\":20,\"border\":4,\"border-color\":\"palette-1-base\",\"margin-top\":20,\"margin-bottom\":20},\"metadata\":{\"margin-top\":20,\"margin-bottom\":20},\"list\":{\"margin-top\":20,\"margin-bottom\":20},\"orderedlist\":{\"margin-top\":20,\"margin-bottom\":20},\"postContent\":{\"margin-top\":20,\"margin-bottom\":20},\"theme\":{\"gradient\":\"\",\"image\":\"\"},\"htmlBaseSize\":16},\"backToTop\":\"<span style=\\\"height: 64px; width: 64px; margin-left: 0px; margin-right: auto; margin-top: 0px; background-image: none; right: 20px; bottom: 20px\\\" class=\\\"u-back-to-top u-icon u-icon-circle u-opacity u-opacity-85 u-palette-1-base u-spacing-15\\\" data-href=\\\"#\\\">\\n        <svg class=\\\"u-svg-link\\\" preserveAspectRatio=\\\"xMidYMin slice\\\" viewBox=\\\"0 0 551.13 551.13\\\">\\n            <use xmlns:xlink=\\\"http://www.w3.org/1999/xlink\\\" xlink:href=\\\"#svg-1d98\\\"></use>\\n        </svg>\\n        <svg class=\\\"u-svg-content\\\" enable-background=\\\"new 0 0 551.13 551.13\\\" viewBox=\\\"0 0 551.13 551.13\\\" xmlns=\\\"http://www.w3.org/2000/svg\\\" id=\\\"svg-1d98\\\">\\n            <path d=\\\"m275.565 189.451 223.897 223.897h51.668l-275.565-275.565-275.565 275.565h51.668z\\\"></path>\\n        </svg>\\n    </span>\",\"cookiesSection\":\"<section class=\\\"u-align-center u-block-78dc-1 u-clearfix u-cookies-consent u-grey-80\\\" custom-posts-hash=\\\"T\\\" style=\\\"background-image: none\\\" data-post-id=\\\"1\\\" data-section-properties=\\\"{&quot;stretch&quot;:true}\\\" data-id=\\\"78dc\\\" data-posts-content=\\\"[{'images':[],'maps':[],'videos':[],'icons':[],'textWidth':874,'textHeight':152,'id':1,'headingProp':'h3','textProp':'text'}]\\\" data-style=\\\"cookie-1\\\" id=\\\"sec-047b\\\" data-source=\\\"\\\">\\n  <div class=\\\"u-block-78dc-2 u-clearfix u-sheet u-valign-middle\\\" style=\\\"min-height: 212px\\\" data-state=\\\"{&quot;margin-top&quot;:{&quot;shouldApplyDefaultMargins&quot;:{&quot;XL&quot;:false,&quot;LG&quot;:false,&quot;MD&quot;:false,&quot;SM&quot;:false,&quot;XS&quot;:false},&quot;parentVerticalAlign&quot;:{&quot;XL&quot;:&quot;middle&quot;,&quot;LG&quot;:&quot;middle&quot;,&quot;MD&quot;:&quot;middle&quot;,&quot;SM&quot;:&quot;middle&quot;,&quot;XS&quot;:&quot;middle&quot;}},&quot;margin-bottom&quot;:{&quot;shouldApplyDefaultMargins&quot;:{&quot;XL&quot;:false,&quot;LG&quot;:false,&quot;MD&quot;:false,&quot;SM&quot;:false,&quot;XS&quot;:false},&quot;parentVerticalAlign&quot;:{&quot;XL&quot;:&quot;middle&quot;,&quot;LG&quot;:&quot;middle&quot;,&quot;MD&quot;:&quot;middle&quot;,&quot;SM&quot;:&quot;middle&quot;,&quot;XS&quot;:&quot;middle&quot;}}}\\\" data-height-lg=\\\"158\\\" data-height-md=\\\"131\\\" data-height-sm=\\\"106\\\" data-height-xs=\\\"225\\\">\\n    <div class=\\\"u-block-78dc-7 u-clearfix u-expanded-width u-layout-wrap\\\" style=\\\"margin-top: 30px; margin-bottom: 30px\\\" data-state=\\\"{&quot;margin-top&quot;:{&quot;shouldApplyDefaultMargins&quot;:{&quot;XL&quot;:false,&quot;LG&quot;:false,&quot;MD&quot;:false,&quot;SM&quot;:true,&quot;XS&quot;:true},&quot;parentVerticalAlign&quot;:{&quot;XL&quot;:&quot;middle&quot;,&quot;LG&quot;:&quot;middle&quot;,&quot;MD&quot;:&quot;middle&quot;,&quot;SM&quot;:&quot;middle&quot;,&quot;XS&quot;:&quot;middle&quot;}},&quot;margin-bottom&quot;:{&quot;shouldApplyDefaultMargins&quot;:{&quot;XL&quot;:false,&quot;LG&quot;:false,&quot;MD&quot;:false,&quot;SM&quot;:true,&quot;XS&quot;:true},&quot;parentVerticalAlign&quot;:{&quot;XL&quot;:&quot;middle&quot;,&quot;LG&quot;:&quot;middle&quot;,&quot;MD&quot;:&quot;middle&quot;,&quot;SM&quot;:&quot;middle&quot;,&quot;XS&quot;:&quot;middle&quot;}}}\\\">\\n      <div class=\\\"u-gutter-0 u-layout\\\">\\n        <div class=\\\"u-layout-row\\\">\\n          <div class=\\\"u-block-78dc-8 u-container-style u-layout-cell u-left-cell u-size-43-md u-size-43-sm u-size-43-xs u-size-46-lg u-size-46-xl\\\" style=\\\"min-height: 152px\\\" data-state=\\\"{&quot;min-height&quot;:{&quot;expandedParent&quot;:{&quot;XL&quot;:true,&quot;LG&quot;:true,&quot;MD&quot;:true,&quot;SM&quot;:true,&quot;XS&quot;:true},&quot;cellMultiplier&quot;:{&quot;XL&quot;:1,&quot;LG&quot;:1,&quot;MD&quot;:0.9347826086956521,&quot;SM&quot;:1.3953488372093024,&quot;XS&quot;:1},&quot;canCollapse&quot;:{&quot;XL&quot;:false,&quot;LG&quot;:false,&quot;MD&quot;:true,&quot;SM&quot;:true,&quot;XS&quot;:true}}}\\\">\\n            <div class=\\\"u-block-78dc-9 u-container-layout u-valign-middle\\\" style=\\\"padding-top: 30px; padding-bottom: 30px; padding-left: 60px; padding-right: 60px\\\" data-state=\\\"{&quot;min-height&quot;:{&quot;canCollapse&quot;:{&quot;XL&quot;:false,&quot;LG&quot;:false,&quot;MD&quot;:false,&quot;SM&quot;:false,&quot;XS&quot;:false}}}\\\">\\n              <h3 class=\\\"u-block-78dc-6 u-text u-text-default\\\" style=\\\"margin-top: 0px; margin-right: 20px; margin-bottom: 0px;\\\">Cookies &amp; Privacy</h3>\\n              <p class=\\\"u-block-78dc-5 u-text u-text-default\\\" style=\\\"margin: 8px 20px 0px 0px;\\\">This website uses cookies to ensure you get the best experience on our website.</p>\\n            </div>\\n          </div>\\n          <div class=\\\"u-align-left u-block-78dc-10 u-container-style u-layout-cell u-right-cell u-size-14-lg u-size-14-xl u-size-17-md u-size-17-sm u-size-17-xs\\\" style=\\\"min-height: 152px\\\" data-state=\\\"{&quot;min-height&quot;:{&quot;expandedParent&quot;:{&quot;XL&quot;:true,&quot;LG&quot;:true,&quot;MD&quot;:true,&quot;SM&quot;:true,&quot;XS&quot;:true},&quot;cellMultiplier&quot;:{&quot;XL&quot;:1,&quot;LG&quot;:1,&quot;MD&quot;:1.2142857142857142,&quot;SM&quot;:3.5294117647058822,&quot;XS&quot;:1},&quot;canCollapse&quot;:{&quot;XL&quot;:false,&quot;LG&quot;:false,&quot;MD&quot;:true,&quot;SM&quot;:true,&quot;XS&quot;:true}}}\\\">\\n            <div class=\\\"u-block-78dc-11 u-container-layout u-valign-middle-lg u-valign-middle-md u-valign-middle-xl u-valign-top-sm u-valign-top-xs\\\" style=\\\"padding-top: 30px; padding-bottom: 30px; padding-left: 30px; padding-right: 30px\\\" data-state=\\\"{&quot;min-height&quot;:{&quot;canCollapse&quot;:{&quot;XL&quot;:false,&quot;LG&quot;:false,&quot;MD&quot;:false,&quot;SM&quot;:false,&quot;XS&quot;:false}}}\\\">\\n              <a href=\\\"###\\\" class=\\\"u-block-78dc-3 u-btn u-button-confirm u-button-style u-palette-1-base\\\" style=\\\"margin-top: 0px; margin-right: auto; margin-bottom: 0px; margin-left: 0px\\\">Confirm</a>\\n            </div>\\n          </div>\\n        </div>\\n      </div>\\n    </div>\\n  </div>\\n  <style data-mode=\\\"XL\\\">@media (max-width: 0px) { .u-block-78dc-1 {background-image: none}\\n.u-block-78dc-2 {min-height: 212px}\\n.u-block-78dc-7 {margin-top: 30px; margin-bottom: 30px}\\n.u-block-78dc-8 {min-height: 152px}\\n.u-block-78dc-9 {padding-top: 30px; padding-bottom: 30px; padding-left: 60px; padding-right: 60px}\\n.u-block-78dc-6 {margin-top: 0px; margin-right: 20px; margin-bottom: 0px}\\n.u-block-78dc-5 {margin-top: 8px; margin-right: 20px; margin-bottom: 0px; margin-left: 0px}\\n.u-block-78dc-10 {min-height: 152px}\\n.u-block-78dc-11 {padding-top: 30px; padding-bottom: 30px; padding-left: 30px; padding-right: 30px}\\n.u-block-78dc-3 {margin-top: 0px; margin-right: auto; margin-bottom: 0px; margin-left: 0px} }</style>\\n  <style data-mode=\\\"LG\\\">@media (max-width: 0px) { .u-block-78dc-1 {background-image: none}\\n.u-block-78dc-2 {min-height: 131px}\\n.u-block-78dc-7 {margin-top: 30px; margin-bottom: 30px}\\n.u-block-78dc-8 {min-height: 125px}\\n.u-block-78dc-9 {padding-top: 30px; padding-bottom: 30px; padding-left: 60px; padding-right: 60px}\\n.u-block-78dc-6 {margin-top: 0px; margin-right: 0px; margin-bottom: 0px}\\n.u-block-78dc-5 {margin-top: 8px; margin-right: 0px; margin-bottom: 0px; margin-left: 0px}\\n.u-block-78dc-10 {min-height: 125px}\\n.u-block-78dc-11 {padding-top: 30px; padding-bottom: 30px; padding-left: 30px; padding-right: 30px}\\n.u-block-78dc-3 {margin-top: 0px; margin-right: auto; margin-bottom: 0px; margin-left: 0px} }</style>\\n  <style data-mode=\\\"MD\\\" data-visited=\\\"true\\\">@media (max-width: 0px) { .u-block-78dc-1 {background-image: none}\\n.u-block-78dc-2 {min-height: 106px}\\n.u-block-78dc-7 {margin-top: 30px; margin-bottom: 30px}\\n.u-block-78dc-8 {min-height: 100px}\\n.u-block-78dc-9 {padding-top: 30px; padding-bottom: 30px; padding-left: 30px; padding-right: 30px}\\n.u-block-78dc-6 {margin-top: 0px; margin-right: 0px; margin-bottom: 0px}\\n.u-block-78dc-5 {margin-top: 8px; margin-right: 0px; margin-bottom: 0px; margin-left: 0px}\\n.u-block-78dc-10 {min-height: 100px}\\n.u-block-78dc-11 {padding-top: 30px; padding-bottom: 30px; padding-left: 30px; padding-right: 30px}\\n.u-block-78dc-3 {margin-top: 0px; margin-right: auto; margin-bottom: 0px; margin-left: 0px} }</style>\\n  <style data-mode=\\\"SM\\\" data-visited=\\\"true\\\">@media (max-width: 0px) { .u-block-78dc-1 {background-image: none}\\n.u-block-78dc-2 {min-height: 225px}\\n.u-block-78dc-7 {margin-top: 30px; margin-bottom: 30px}\\n.u-block-78dc-8 {min-height: 154px}\\n.u-block-78dc-9 {padding-top: 30px; padding-left: 10px; padding-right: 10px; padding-bottom: 20px}\\n.u-block-78dc-6 {margin-top: 0px; margin-right: 0px; margin-bottom: 0px}\\n.u-block-78dc-5 {margin-top: 8px; margin-right: 0px; margin-bottom: 0px; margin-left: 0px}\\n.u-block-78dc-10 {min-height: 65px}\\n.u-block-78dc-11 {padding-top: 10px; padding-bottom: 10px; padding-left: 10px; padding-right: 10px}\\n.u-block-78dc-3 {margin-top: 0px; margin-right: auto; margin-bottom: 0px; margin-left: 0px} }</style>\\n  <style data-mode=\\\"XS\\\" data-visited=\\\"true\\\">@media (max-width: 0px) { .u-block-78dc-1 {background-image: none}\\n.u-block-78dc-2 {min-height: 121px}\\n.u-block-78dc-7 {margin-top: 30px; margin-bottom: 30px}\\n.u-block-78dc-8 {min-height: 100px}\\n.u-block-78dc-9 {padding-top: 30px; padding-bottom: 20px; padding-left: 10px; padding-right: 10px}\\n.u-block-78dc-6 {margin-top: 0px; margin-right: 0px; margin-bottom: 0px}\\n.u-block-78dc-5 {margin-top: 8px; margin-right: 0px; margin-bottom: 0px; margin-left: 0px}\\n.u-block-78dc-10 {min-height: 15px}\\n.u-block-78dc-11 {padding-top: 10px; padding-bottom: 10px; padding-left: 10px; padding-right: 10px}\\n.u-block-78dc-3 {margin-top: 0px; margin-right: auto; margin-bottom: 0px; margin-left: 0px} }</style>\\n</section>\",\"themeBackLinks\":\"\",\"blog\":\"{\\\"posts\\\":{\\\"items\\\":[]}}\",\"domain\":\"\"}","dialog":null,"title":"WebSite1268309","siteStyleCss":"<style id=\"color-scheme\" color-scheme=\"u15\" color-style=\"multicolor-1\">.u-body {\n--none: transparent;\n--none-darker: transparent;\n--none-r: 255;\n--none-g: 255;\n--none-b: 255;\n--none-contrast: body-color;\n--none-contrast-darker: body-color;\n--none-text-color: var(--body-color);\n--body-color: #111111;\n--body-color-darker: #0f0f0f;\n--body-color-r: 17;\n--body-color-g: 17;\n--body-color-b: 17;\n--body-color-contrast: white;\n--body-color-contrast-darker: white;\n--body-color-text-color: var(--body-alt-color);\n--body-alt-color: #ffffff;\n--body-alt-color-darker: #e6e6e6;\n--body-alt-color-r: 255;\n--body-alt-color-g: 255;\n--body-alt-color-b: 255;\n--body-alt-color-contrast: black;\n--body-alt-color-contrast-darker: black;\n--body-alt-color-text-color: var(--body-color);\n--bg-color: #ffffff;\n--bg-color-darker: #e6e6e6;\n--bg-color-r: 255;\n--bg-color-g: 255;\n--bg-color-b: 255;\n--bg-color-contrast: black;\n--bg-color-contrast-darker: black;\n--bg-color-text-color: var(--body-color);\n--palette-1-base: #c0cddd;\n--palette-1-base-darker: #a5b8cf;\n--palette-1-base-r: 192;\n--palette-1-base-g: 205;\n--palette-1-base-b: 221;\n--palette-1-base-contrast: black;\n--palette-1-base-contrast-darker: white;\n--palette-1-base-text-color: var(--body-color);\n--palette-1-dark-3: #292d33;\n--palette-1-dark-3-darker: #25292e;\n--palette-1-dark-3-r: 41;\n--palette-1-dark-3-g: 45;\n--palette-1-dark-3-b: 51;\n--palette-1-dark-3-contrast: white;\n--palette-1-dark-3-contrast-darker: white;\n--palette-1-dark-3-text-color: var(--body-alt-color);\n--palette-1-dark-2: #4c5561;\n--palette-1-dark-2-darker: #444d57;\n--palette-1-dark-2-r: 76;\n--palette-1-dark-2-g: 85;\n--palette-1-dark-2-b: 97;\n--palette-1-dark-2-contrast: white;\n--palette-1-dark-2-contrast-darker: white;\n--palette-1-dark-2-text-color: var(--body-alt-color);\n--palette-1-dark-1: #6d7c8e;\n--palette-1-dark-1-darker: #627080;\n--palette-1-dark-1-r: 109;\n--palette-1-dark-1-g: 124;\n--palette-1-dark-1-b: 142;\n--palette-1-dark-1-contrast: white;\n--palette-1-dark-1-contrast-darker: white;\n--palette-1-dark-1-text-color: var(--body-alt-color);\n--palette-1: #8ea2bc;\n--palette-1-darker: #7991b0;\n--palette-1-r: 142;\n--palette-1-g: 162;\n--palette-1-b: 188;\n--palette-1-contrast: white;\n--palette-1-contrast-darker: white;\n--palette-1-text-color: var(--body-alt-color);\n--palette-1-light-1: #c0cddd;\n--palette-1-light-1-darker: #a5b8cf;\n--palette-1-light-1-r: 192;\n--palette-1-light-1-g: 205;\n--palette-1-light-1-b: 221;\n--palette-1-light-1-contrast: black;\n--palette-1-light-1-contrast-darker: white;\n--palette-1-light-1-text-color: var(--body-color);\n--palette-1-light-2: #dae2ec;\n--palette-1-light-2-darker: #bccadd;\n--palette-1-light-2-r: 218;\n--palette-1-light-2-g: 226;\n--palette-1-light-2-b: 236;\n--palette-1-light-2-contrast: black;\n--palette-1-light-2-contrast-darker: black;\n--palette-1-light-2-text-color: var(--body-color);\n--palette-1-light-3: #f7f9fc;\n--palette-1-light-3-darker: #d3deee;\n--palette-1-light-3-r: 247;\n--palette-1-light-3-g: 249;\n--palette-1-light-3-b: 252;\n--palette-1-light-3-contrast: black;\n--palette-1-light-3-contrast-darker: black;\n--palette-1-light-3-text-color: var(--body-color);\n--palette-2-base: #f24b00;\n--palette-2-base-darker: #da4300;\n--palette-2-base-r: 242;\n--palette-2-base-g: 75;\n--palette-2-base-b: 0;\n--palette-2-base-contrast: white;\n--palette-2-base-contrast-darker: white;\n--palette-2-base-text-color: var(--body-alt-color);\n--palette-2-dark-3: #332c29;\n--palette-2-dark-3-darker: #2e2825;\n--palette-2-dark-3-r: 51;\n--palette-2-dark-3-g: 44;\n--palette-2-dark-3-b: 41;\n--palette-2-dark-3-contrast: white;\n--palette-2-dark-3-contrast-darker: white;\n--palette-2-dark-3-text-color: var(--body-alt-color);\n--palette-2-dark-2: #734e3d;\n--palette-2-dark-2-darker: #684637;\n--palette-2-dark-2-r: 115;\n--palette-2-dark-2-g: 78;\n--palette-2-dark-2-b: 61;\n--palette-2-dark-2-contrast: white;\n--palette-2-dark-2-contrast-darker: white;\n--palette-2-dark-2-text-color: var(--body-alt-color);\n--palette-2-dark-1: #b25830;\n--palette-2-dark-1-darker: #a04f2b;\n--palette-2-dark-1-r: 178;\n--palette-2-dark-1-g: 88;\n--palette-2-dark-1-b: 48;\n--palette-2-dark-1-contrast: white;\n--palette-2-dark-1-contrast-darker: white;\n--palette-2-dark-1-text-color: var(--body-alt-color);\n--palette-2: #f24b00;\n--palette-2-darker: #da4300;\n--palette-2-r: 242;\n--palette-2-g: 75;\n--palette-2-b: 0;\n--palette-2-contrast: white;\n--palette-2-contrast-darker: white;\n--palette-2-text-color: var(--body-alt-color);\n--palette-2-light-1: #f67f4a;\n--palette-2-light-1-darker: #f4692c;\n--palette-2-light-1-r: 246;\n--palette-2-light-1-g: 127;\n--palette-2-light-1-b: 74;\n--palette-2-light-1-contrast: white;\n--palette-2-light-1-contrast-darker: white;\n--palette-2-light-1-text-color: var(--body-alt-color);\n--palette-2-light-2: #fab596;\n--palette-2-light-2-darker: #f89a70;\n--palette-2-light-2-r: 250;\n--palette-2-light-2-g: 181;\n--palette-2-light-2-b: 150;\n--palette-2-light-2-contrast: black;\n--palette-2-light-2-contrast-darker: white;\n--palette-2-light-2-text-color: var(--body-color);\n--palette-2-light-3: #feece4;\n--palette-2-light-3-darker: #fccbb6;\n--palette-2-light-3-r: 254;\n--palette-2-light-3-g: 236;\n--palette-2-light-3-b: 228;\n--palette-2-light-3-contrast: black;\n--palette-2-light-3-contrast-darker: black;\n--palette-2-light-3-text-color: var(--body-color);\n--palette-3-base: #ecdc13;\n--palette-3-base-darker: #d4c611;\n--palette-3-base-r: 236;\n--palette-3-base-g: 220;\n--palette-3-base-b: 19;\n--palette-3-base-contrast: black;\n--palette-3-base-contrast-darker: black;\n--palette-3-base-text-color: var(--body-color);\n--palette-3-dark-3: #333229;\n--palette-3-dark-3-darker: #2e2d25;\n--palette-3-dark-3-r: 51;\n--palette-3-dark-3-g: 50;\n--palette-3-dark-3-b: 41;\n--palette-3-dark-3-contrast: white;\n--palette-3-dark-3-contrast-darker: white;\n--palette-3-dark-3-text-color: var(--body-alt-color);\n--palette-3-dark-2: #716d3f;\n--palette-3-dark-2-darker: #666239;\n--palette-3-dark-2-r: 113;\n--palette-3-dark-2-g: 109;\n--palette-3-dark-2-b: 63;\n--palette-3-dark-2-contrast: white;\n--palette-3-dark-2-contrast-darker: white;\n--palette-3-dark-2-text-color: var(--body-alt-color);\n--palette-3-dark-1: #aea638;\n--palette-3-dark-1-darker: #9d9532;\n--palette-3-dark-1-r: 174;\n--palette-3-dark-1-g: 166;\n--palette-3-dark-1-b: 56;\n--palette-3-dark-1-contrast: white;\n--palette-3-dark-1-contrast-darker: white;\n--palette-3-dark-1-text-color: var(--body-alt-color);\n--palette-3: #ecdc13;\n--palette-3-darker: #d4c611;\n--palette-3-r: 236;\n--palette-3-g: 220;\n--palette-3-b: 19;\n--palette-3-contrast: black;\n--palette-3-contrast-darker: black;\n--palette-3-text-color: var(--body-color);\n--palette-3-light-1: #f2e656;\n--palette-3-light-1-darker: #f0e138;\n--palette-3-light-1-r: 242;\n--palette-3-light-1-g: 230;\n--palette-3-light-1-b: 86;\n--palette-3-light-1-contrast: black;\n--palette-3-light-1-contrast-darker: black;\n--palette-3-light-1-text-color: var(--body-color);\n--palette-3-light-2: #f7f19c;\n--palette-3-light-2-darker: #f4ec77;\n--palette-3-light-2-r: 247;\n--palette-3-light-2-g: 241;\n--palette-3-light-2-b: 156;\n--palette-3-light-2-contrast: black;\n--palette-3-light-2-contrast-darker: black;\n--palette-3-light-2-text-color: var(--body-color);\n--palette-3-light-3: #fdfbe6;\n--palette-3-light-3-darker: #f9f4b9;\n--palette-3-light-3-r: 253;\n--palette-3-light-3-g: 251;\n--palette-3-light-3-b: 230;\n--palette-3-light-3-contrast: black;\n--palette-3-light-3-contrast-darker: black;\n--palette-3-light-3-text-color: var(--body-color);\n--palette-4-base: #98c81e;\n--palette-4-base-darker: #89b41b;\n--palette-4-base-r: 152;\n--palette-4-base-g: 200;\n--palette-4-base-b: 30;\n--palette-4-base-contrast: white;\n--palette-4-base-contrast-darker: white;\n--palette-4-base-text-color: var(--body-alt-color);\n--palette-4-dark-3: #303329;\n--palette-4-dark-3-darker: #2b2e25;\n--palette-4-dark-3-r: 48;\n--palette-4-dark-3-g: 51;\n--palette-4-dark-3-b: 41;\n--palette-4-dark-3-contrast: white;\n--palette-4-dark-3-contrast-darker: white;\n--palette-4-dark-3-text-color: var(--body-alt-color);\n--palette-4-dark-2: #6b7e3c;\n--palette-4-dark-2-darker: #607136;\n--palette-4-dark-2-r: 107;\n--palette-4-dark-2-g: 126;\n--palette-4-dark-2-b: 60;\n--palette-4-dark-2-contrast: white;\n--palette-4-dark-2-contrast-darker: white;\n--palette-4-dark-2-text-color: var(--body-alt-color);\n--palette-4-dark-1: #98c81e;\n--palette-4-dark-1-darker: #89b41b;\n--palette-4-dark-1-r: 152;\n--palette-4-dark-1-g: 200;\n--palette-4-dark-1-b: 30;\n--palette-4-dark-1-contrast: white;\n--palette-4-dark-1-contrast-darker: white;\n--palette-4-dark-1-text-color: var(--body-alt-color);\n--palette-4: #b8ed30;\n--palette-4-darker: #afeb16;\n--palette-4-r: 184;\n--palette-4-g: 237;\n--palette-4-b: 48;\n--palette-4-contrast: black;\n--palette-4-contrast-darker: black;\n--palette-4-text-color: var(--body-color);\n--palette-4-light-1: #ccf26b;\n--palette-4-light-1-darker: #c1ef4b;\n--palette-4-light-1-r: 204;\n--palette-4-light-1-g: 242;\n--palette-4-light-1-b: 107;\n--palette-4-light-1-contrast: black;\n--palette-4-light-1-contrast-darker: black;\n--palette-4-light-1-text-color: var(--body-color);\n--palette-4-light-2: #e1f8a9;\n--palette-4-light-2-darker: #d4f582;\n--palette-4-light-2-r: 225;\n--palette-4-light-2-g: 248;\n--palette-4-light-2-b: 169;\n--palette-4-light-2-contrast: black;\n--palette-4-light-2-contrast-darker: black;\n--palette-4-light-2-text-color: var(--body-color);\n--palette-4-light-3: #f7fde9;\n--palette-4-light-3-darker: #e7f9bc;\n--palette-4-light-3-r: 247;\n--palette-4-light-3-g: 253;\n--palette-4-light-3-b: 233;\n--palette-4-light-3-contrast: black;\n--palette-4-light-3-contrast-darker: black;\n--palette-4-light-3-text-color: var(--body-color);\n--palette-5-base: #b9c1cc;\n--palette-5-base-darker: #a2adbc;\n--palette-5-base-r: 185;\n--palette-5-base-g: 193;\n--palette-5-base-b: 204;\n--palette-5-base-contrast: black;\n--palette-5-base-contrast-darker: white;\n--palette-5-base-text-color: var(--body-color);\n--palette-5-dark-3: #292d33;\n--palette-5-dark-3-darker: #25292e;\n--palette-5-dark-3-r: 41;\n--palette-5-dark-3-g: 45;\n--palette-5-dark-3-b: 51;\n--palette-5-dark-3-contrast: white;\n--palette-5-dark-3-contrast-darker: white;\n--palette-5-dark-3-text-color: var(--body-alt-color);\n--palette-5-dark-2: #555c66;\n--palette-5-dark-2-darker: #4d535c;\n--palette-5-dark-2-r: 85;\n--palette-5-dark-2-g: 92;\n--palette-5-dark-2-b: 102;\n--palette-5-dark-2-contrast: white;\n--palette-5-dark-2-contrast-darker: white;\n--palette-5-dark-2-text-color: var(--body-alt-color);\n--palette-5-dark-1: #858e99;\n--palette-5-dark-1-darker: #75808c;\n--palette-5-dark-1-r: 133;\n--palette-5-dark-1-g: 142;\n--palette-5-dark-1-b: 153;\n--palette-5-dark-1-contrast: white;\n--palette-5-dark-1-contrast-darker: white;\n--palette-5-dark-1-text-color: var(--body-alt-color);\n--palette-5: #b9c1cc;\n--palette-5-darker: #a2adbc;\n--palette-5-r: 185;\n--palette-5-g: 193;\n--palette-5-b: 204;\n--palette-5-contrast: black;\n--palette-5-contrast-darker: white;\n--palette-5-text-color: var(--body-color);\n--palette-5-light-1: #ccd3db;\n--palette-5-light-1-darker: #b3bec9;\n--palette-5-light-1-r: 204;\n--palette-5-light-1-g: 211;\n--palette-5-light-1-b: 219;\n--palette-5-light-1-contrast: black;\n--palette-5-light-1-contrast-darker: black;\n--palette-5-light-1-text-color: var(--body-color);\n--palette-5-light-2: #e0e5eb;\n--palette-5-light-2-darker: #c4ced9;\n--palette-5-light-2-r: 224;\n--palette-5-light-2-g: 229;\n--palette-5-light-2-b: 235;\n--palette-5-light-2-contrast: black;\n--palette-5-light-2-contrast-darker: black;\n--palette-5-light-2-text-color: var(--body-color);\n--palette-5-light-3: #f5f7fa;\n--palette-5-light-3-darker: #d4dde9;\n--palette-5-light-3-r: 245;\n--palette-5-light-3-g: 247;\n--palette-5-light-3-b: 250;\n--palette-5-light-3-contrast: black;\n--palette-5-light-3-contrast-darker: black;\n--palette-5-light-3-text-color: var(--body-color);\n--grey-40: #999999;\n--grey-40-darker: #8a8a8a;\n--grey-40-r: 153;\n--grey-40-g: 153;\n--grey-40-b: 153;\n--grey-40-contrast: white;\n--grey-40-contrast-darker: white;\n--grey-40-text-color: var(--body-alt-color);\n--grey-30: #b3b3b3;\n--grey-30-darker: #a1a1a1;\n--grey-30-r: 179;\n--grey-30-g: 179;\n--grey-30-b: 179;\n--grey-30-contrast: white;\n--grey-30-contrast-darker: white;\n--grey-30-text-color: var(--body-alt-color);\n--grey-25: #c0c0c0;\n--grey-25-darker: #adadad;\n--grey-25-r: 192;\n--grey-25-g: 192;\n--grey-25-b: 192;\n--grey-25-contrast: black;\n--grey-25-contrast-darker: white;\n--grey-25-text-color: var(--body-color);\n--white: #ffffff;\n--white-darker: #e6e6e6;\n--white-r: 255;\n--white-g: 255;\n--white-b: 255;\n--white-contrast: black;\n--white-contrast-darker: black;\n--white-text-color: var(--body-color);\n--grey-15: #d9d9d9;\n--grey-15-darker: #c3c3c3;\n--grey-15-r: 217;\n--grey-15-g: 217;\n--grey-15-b: 217;\n--grey-15-contrast: black;\n--grey-15-contrast-darker: black;\n--grey-15-text-color: var(--body-color);\n--grey-10: #e5e5e5;\n--grey-10-darker: #cecece;\n--grey-10-r: 229;\n--grey-10-g: 229;\n--grey-10-b: 229;\n--grey-10-contrast: black;\n--grey-10-contrast-darker: black;\n--grey-10-text-color: var(--body-color);\n--grey-5: #f2f2f2;\n--grey-5-darker: #dadada;\n--grey-5-r: 242;\n--grey-5-g: 242;\n--grey-5-b: 242;\n--grey-5-contrast: black;\n--grey-5-contrast-darker: black;\n--grey-5-text-color: var(--body-color);\n--grey-90: #1a1a1a;\n--grey-90-darker: #171717;\n--grey-90-r: 26;\n--grey-90-g: 26;\n--grey-90-b: 26;\n--grey-90-contrast: white;\n--grey-90-contrast-darker: white;\n--grey-90-text-color: var(--body-alt-color);\n--grey-80: #333333;\n--grey-80-darker: #2e2e2e;\n--grey-80-r: 51;\n--grey-80-g: 51;\n--grey-80-b: 51;\n--grey-80-contrast: white;\n--grey-80-contrast-darker: white;\n--grey-80-text-color: var(--body-alt-color);\n--grey-75: #404040;\n--grey-75-darker: #3a3a3a;\n--grey-75-r: 64;\n--grey-75-g: 64;\n--grey-75-b: 64;\n--grey-75-contrast: white;\n--grey-75-contrast-darker: white;\n--grey-75-text-color: var(--body-alt-color);\n--black: #000000;\n--black-darker: #000000;\n--black-r: 0;\n--black-g: 0;\n--black-b: 0;\n--black-contrast: white;\n--black-contrast-darker: white;\n--black-text-color: var(--body-alt-color);\n--grey-70: #4d4d4d;\n--grey-70-darker: #454545;\n--grey-70-r: 77;\n--grey-70-g: 77;\n--grey-70-b: 77;\n--grey-70-contrast: white;\n--grey-70-contrast-darker: white;\n--grey-70-text-color: var(--body-alt-color);\n--grey-60: #666666;\n--grey-60-darker: #5c5c5c;\n--grey-60-r: 102;\n--grey-60-g: 102;\n--grey-60-b: 102;\n--grey-60-contrast: white;\n--grey-60-contrast-darker: white;\n--grey-60-text-color: var(--body-alt-color);\n--grey-50: #808080;\n--grey-50-darker: #737373;\n--grey-50-r: 128;\n--grey-50-g: 128;\n--grey-50-b: 128;\n--grey-50-contrast: white;\n--grey-50-contrast-darker: white;\n--grey-50-text-color: var(--body-alt-color);\n--grey-dark-3: #212121;\n--grey-dark-3-darker: #1e1e1e;\n--grey-dark-3-r: 33;\n--grey-dark-3-g: 33;\n--grey-dark-3-b: 33;\n--grey-dark-3-contrast: white;\n--grey-dark-3-contrast-darker: white;\n--grey-dark-3-text-color: var(--body-alt-color);\n--grey-dark-2: #333333;\n--grey-dark-2-darker: #2e2e2e;\n--grey-dark-2-r: 51;\n--grey-dark-2-g: 51;\n--grey-dark-2-b: 51;\n--grey-dark-2-contrast: white;\n--grey-dark-2-contrast-darker: white;\n--grey-dark-2-text-color: var(--body-alt-color);\n--grey-dark-1: #454545;\n--grey-dark-1-darker: #3e3e3e;\n--grey-dark-1-r: 69;\n--grey-dark-1-g: 69;\n--grey-dark-1-b: 69;\n--grey-dark-1-contrast: white;\n--grey-dark-1-contrast-darker: white;\n--grey-dark-1-text-color: var(--body-alt-color);\n--grey: #b3b3b3;\n--grey-darker: #a1a1a1;\n--grey-r: 179;\n--grey-g: 179;\n--grey-b: 179;\n--grey-contrast: white;\n--grey-contrast-darker: white;\n--grey-text-color: var(--body-alt-color);\n--grey-light-1: #d9d9d9;\n--grey-light-1-darker: #c3c3c3;\n--grey-light-1-r: 217;\n--grey-light-1-g: 217;\n--grey-light-1-b: 217;\n--grey-light-1-contrast: black;\n--grey-light-1-contrast-darker: black;\n--grey-light-1-text-color: var(--body-color);\n--grey-light-2: #eeeeee;\n--grey-light-2-darker: #d6d6d6;\n--grey-light-2-r: 238;\n--grey-light-2-g: 238;\n--grey-light-2-b: 238;\n--grey-light-2-contrast: black;\n--grey-light-2-contrast-darker: black;\n--grey-light-2-text-color: var(--body-color);\n--grey-light-3: #f6f6f6;\n--grey-light-3-darker: #dddddd;\n--grey-light-3-r: 246;\n--grey-light-3-g: 246;\n--grey-light-3-b: 246;\n--grey-light-3-contrast: black;\n--grey-light-3-contrast-darker: black;\n--grey-light-3-text-color: var(--body-color);\n--color-1-base: #c0cddd;\n--color-1-base-darker: #a5b8cf;\n--color-1-base-r: 192;\n--color-1-base-g: 205;\n--color-1-base-b: 221;\n--color-1-base-contrast: black;\n--color-1-base-contrast-darker: white;\n--color-1-base-text-color: var(--body-color);\n--color-1-dark-3: #292d33;\n--color-1-dark-3-darker: #25292e;\n--color-1-dark-3-r: 41;\n--color-1-dark-3-g: 45;\n--color-1-dark-3-b: 51;\n--color-1-dark-3-contrast: white;\n--color-1-dark-3-contrast-darker: white;\n--color-1-dark-3-text-color: var(--body-alt-color);\n--color-1-dark-2: #4c5561;\n--color-1-dark-2-darker: #444d57;\n--color-1-dark-2-r: 76;\n--color-1-dark-2-g: 85;\n--color-1-dark-2-b: 97;\n--color-1-dark-2-contrast: white;\n--color-1-dark-2-contrast-darker: white;\n--color-1-dark-2-text-color: var(--body-alt-color);\n--color-1-dark-1: #6d7c8e;\n--color-1-dark-1-darker: #627080;\n--color-1-dark-1-r: 109;\n--color-1-dark-1-g: 124;\n--color-1-dark-1-b: 142;\n--color-1-dark-1-contrast: white;\n--color-1-dark-1-contrast-darker: white;\n--color-1-dark-1-text-color: var(--body-alt-color);\n--color-1: #8ea2bc;\n--color-1-darker: #7991b0;\n--color-1-r: 142;\n--color-1-g: 162;\n--color-1-b: 188;\n--color-1-contrast: white;\n--color-1-contrast-darker: white;\n--color-1-text-color: var(--body-alt-color);\n--color-1-light-1: #c0cddd;\n--color-1-light-1-darker: #a5b8cf;\n--color-1-light-1-r: 192;\n--color-1-light-1-g: 205;\n--color-1-light-1-b: 221;\n--color-1-light-1-contrast: black;\n--color-1-light-1-contrast-darker: white;\n--color-1-light-1-text-color: var(--body-color);\n--color-1-light-2: #dae2ec;\n--color-1-light-2-darker: #bccadd;\n--color-1-light-2-r: 218;\n--color-1-light-2-g: 226;\n--color-1-light-2-b: 236;\n--color-1-light-2-contrast: black;\n--color-1-light-2-contrast-darker: black;\n--color-1-light-2-text-color: var(--body-color);\n--color-1-light-3: #f7f9fc;\n--color-1-light-3-darker: #d3deee;\n--color-1-light-3-r: 247;\n--color-1-light-3-g: 249;\n--color-1-light-3-b: 252;\n--color-1-light-3-contrast: black;\n--color-1-light-3-contrast-darker: black;\n--color-1-light-3-text-color: var(--body-color);\n--color-2-base: #f24b00;\n--color-2-base-darker: #da4300;\n--color-2-base-r: 242;\n--color-2-base-g: 75;\n--color-2-base-b: 0;\n--color-2-base-contrast: white;\n--color-2-base-contrast-darker: white;\n--color-2-base-text-color: var(--body-alt-color);\n--color-2-dark-3: #332c29;\n--color-2-dark-3-darker: #2e2825;\n--color-2-dark-3-r: 51;\n--color-2-dark-3-g: 44;\n--color-2-dark-3-b: 41;\n--color-2-dark-3-contrast: white;\n--color-2-dark-3-contrast-darker: white;\n--color-2-dark-3-text-color: var(--body-alt-color);\n--color-2-dark-2: #734e3d;\n--color-2-dark-2-darker: #684637;\n--color-2-dark-2-r: 115;\n--color-2-dark-2-g: 78;\n--color-2-dark-2-b: 61;\n--color-2-dark-2-contrast: white;\n--color-2-dark-2-contrast-darker: white;\n--color-2-dark-2-text-color: var(--body-alt-color);\n--color-2-dark-1: #b25830;\n--color-2-dark-1-darker: #a04f2b;\n--color-2-dark-1-r: 178;\n--color-2-dark-1-g: 88;\n--color-2-dark-1-b: 48;\n--color-2-dark-1-contrast: white;\n--color-2-dark-1-contrast-darker: white;\n--color-2-dark-1-text-color: var(--body-alt-color);\n--color-2: #f24b00;\n--color-2-darker: #da4300;\n--color-2-r: 242;\n--color-2-g: 75;\n--color-2-b: 0;\n--color-2-contrast: white;\n--color-2-contrast-darker: white;\n--color-2-text-color: var(--body-alt-color);\n--color-2-light-1: #f67f4a;\n--color-2-light-1-darker: #f4692c;\n--color-2-light-1-r: 246;\n--color-2-light-1-g: 127;\n--color-2-light-1-b: 74;\n--color-2-light-1-contrast: white;\n--color-2-light-1-contrast-darker: white;\n--color-2-light-1-text-color: var(--body-alt-color);\n--color-2-light-2: #fab596;\n--color-2-light-2-darker: #f89a70;\n--color-2-light-2-r: 250;\n--color-2-light-2-g: 181;\n--color-2-light-2-b: 150;\n--color-2-light-2-contrast: black;\n--color-2-light-2-contrast-darker: white;\n--color-2-light-2-text-color: var(--body-color);\n--color-2-light-3: #feece4;\n--color-2-light-3-darker: #fccbb6;\n--color-2-light-3-r: 254;\n--color-2-light-3-g: 236;\n--color-2-light-3-b: 228;\n--color-2-light-3-contrast: black;\n--color-2-light-3-contrast-darker: black;\n--color-2-light-3-text-color: var(--body-color);\n--color-3-base: #ecdc13;\n--color-3-base-darker: #d4c611;\n--color-3-base-r: 236;\n--color-3-base-g: 220;\n--color-3-base-b: 19;\n--color-3-base-contrast: black;\n--color-3-base-contrast-darker: black;\n--color-3-base-text-color: var(--body-color);\n--color-3-dark-3: #333229;\n--color-3-dark-3-darker: #2e2d25;\n--color-3-dark-3-r: 51;\n--color-3-dark-3-g: 50;\n--color-3-dark-3-b: 41;\n--color-3-dark-3-contrast: white;\n--color-3-dark-3-contrast-darker: white;\n--color-3-dark-3-text-color: var(--body-alt-color);\n--color-3-dark-2: #716d3f;\n--color-3-dark-2-darker: #666239;\n--color-3-dark-2-r: 113;\n--color-3-dark-2-g: 109;\n--color-3-dark-2-b: 63;\n--color-3-dark-2-contrast: white;\n--color-3-dark-2-contrast-darker: white;\n--color-3-dark-2-text-color: var(--body-alt-color);\n--color-3-dark-1: #aea638;\n--color-3-dark-1-darker: #9d9532;\n--color-3-dark-1-r: 174;\n--color-3-dark-1-g: 166;\n--color-3-dark-1-b: 56;\n--color-3-dark-1-contrast: white;\n--color-3-dark-1-contrast-darker: white;\n--color-3-dark-1-text-color: var(--body-alt-color);\n--color-3: #ecdc13;\n--color-3-darker: #d4c611;\n--color-3-r: 236;\n--color-3-g: 220;\n--color-3-b: 19;\n--color-3-contrast: black;\n--color-3-contrast-darker: black;\n--color-3-text-color: var(--body-color);\n--color-3-light-1: #f2e656;\n--color-3-light-1-darker: #f0e138;\n--color-3-light-1-r: 242;\n--color-3-light-1-g: 230;\n--color-3-light-1-b: 86;\n--color-3-light-1-contrast: black;\n--color-3-light-1-contrast-darker: black;\n--color-3-light-1-text-color: var(--body-color);\n--color-3-light-2: #f7f19c;\n--color-3-light-2-darker: #f4ec77;\n--color-3-light-2-r: 247;\n--color-3-light-2-g: 241;\n--color-3-light-2-b: 156;\n--color-3-light-2-contrast: black;\n--color-3-light-2-contrast-darker: black;\n--color-3-light-2-text-color: var(--body-color);\n--color-3-light-3: #fdfbe6;\n--color-3-light-3-darker: #f9f4b9;\n--color-3-light-3-r: 253;\n--color-3-light-3-g: 251;\n--color-3-light-3-b: 230;\n--color-3-light-3-contrast: black;\n--color-3-light-3-contrast-darker: black;\n--color-3-light-3-text-color: var(--body-color);\n--color-4-base: #98c81e;\n--color-4-base-darker: #89b41b;\n--color-4-base-r: 152;\n--color-4-base-g: 200;\n--color-4-base-b: 30;\n--color-4-base-contrast: white;\n--color-4-base-contrast-darker: white;\n--color-4-base-text-color: var(--body-alt-color);\n--color-4-dark-3: #303329;\n--color-4-dark-3-darker: #2b2e25;\n--color-4-dark-3-r: 48;\n--color-4-dark-3-g: 51;\n--color-4-dark-3-b: 41;\n--color-4-dark-3-contrast: white;\n--color-4-dark-3-contrast-darker: white;\n--color-4-dark-3-text-color: var(--body-alt-color);\n--color-4-dark-2: #6b7e3c;\n--color-4-dark-2-darker: #607136;\n--color-4-dark-2-r: 107;\n--color-4-dark-2-g: 126;\n--color-4-dark-2-b: 60;\n--color-4-dark-2-contrast: white;\n--color-4-dark-2-contrast-darker: white;\n--color-4-dark-2-text-color: var(--body-alt-color);\n--color-4-dark-1: #98c81e;\n--color-4-dark-1-darker: #89b41b;\n--color-4-dark-1-r: 152;\n--color-4-dark-1-g: 200;\n--color-4-dark-1-b: 30;\n--color-4-dark-1-contrast: white;\n--color-4-dark-1-contrast-darker: white;\n--color-4-dark-1-text-color: var(--body-alt-color);\n--color-4: #b8ed30;\n--color-4-darker: #afeb16;\n--color-4-r: 184;\n--color-4-g: 237;\n--color-4-b: 48;\n--color-4-contrast: black;\n--color-4-contrast-darker: black;\n--color-4-text-color: var(--body-color);\n--color-4-light-1: #ccf26b;\n--color-4-light-1-darker: #c1ef4b;\n--color-4-light-1-r: 204;\n--color-4-light-1-g: 242;\n--color-4-light-1-b: 107;\n--color-4-light-1-contrast: black;\n--color-4-light-1-contrast-darker: black;\n--color-4-light-1-text-color: var(--body-color);\n--color-4-light-2: #e1f8a9;\n--color-4-light-2-darker: #d4f582;\n--color-4-light-2-r: 225;\n--color-4-light-2-g: 248;\n--color-4-light-2-b: 169;\n--color-4-light-2-contrast: black;\n--color-4-light-2-contrast-darker: black;\n--color-4-light-2-text-color: var(--body-color);\n--color-4-light-3: #f7fde9;\n--color-4-light-3-darker: #e7f9bc;\n--color-4-light-3-r: 247;\n--color-4-light-3-g: 253;\n--color-4-light-3-b: 233;\n--color-4-light-3-contrast: black;\n--color-4-light-3-contrast-darker: black;\n--color-4-light-3-text-color: var(--body-color);\n--color-5-base: #b9c1cc;\n--color-5-base-darker: #a2adbc;\n--color-5-base-r: 185;\n--color-5-base-g: 193;\n--color-5-base-b: 204;\n--color-5-base-contrast: black;\n--color-5-base-contrast-darker: white;\n--color-5-base-text-color: var(--body-color);\n--color-5-dark-3: #292d33;\n--color-5-dark-3-darker: #25292e;\n--color-5-dark-3-r: 41;\n--color-5-dark-3-g: 45;\n--color-5-dark-3-b: 51;\n--color-5-dark-3-contrast: white;\n--color-5-dark-3-contrast-darker: white;\n--color-5-dark-3-text-color: var(--body-alt-color);\n--color-5-dark-2: #555c66;\n--color-5-dark-2-darker: #4d535c;\n--color-5-dark-2-r: 85;\n--color-5-dark-2-g: 92;\n--color-5-dark-2-b: 102;\n--color-5-dark-2-contrast: white;\n--color-5-dark-2-contrast-darker: white;\n--color-5-dark-2-text-color: var(--body-alt-color);\n--color-5-dark-1: #858e99;\n--color-5-dark-1-darker: #75808c;\n--color-5-dark-1-r: 133;\n--color-5-dark-1-g: 142;\n--color-5-dark-1-b: 153;\n--color-5-dark-1-contrast: white;\n--color-5-dark-1-contrast-darker: white;\n--color-5-dark-1-text-color: var(--body-alt-color);\n--color-5: #b9c1cc;\n--color-5-darker: #a2adbc;\n--color-5-r: 185;\n--color-5-g: 193;\n--color-5-b: 204;\n--color-5-contrast: black;\n--color-5-contrast-darker: white;\n--color-5-text-color: var(--body-color);\n--color-5-light-1: #ccd3db;\n--color-5-light-1-darker: #b3bec9;\n--color-5-light-1-r: 204;\n--color-5-light-1-g: 211;\n--color-5-light-1-b: 219;\n--color-5-light-1-contrast: black;\n--color-5-light-1-contrast-darker: black;\n--color-5-light-1-text-color: var(--body-color);\n--color-5-light-2: #e0e5eb;\n--color-5-light-2-darker: #c4ced9;\n--color-5-light-2-r: 224;\n--color-5-light-2-g: 229;\n--color-5-light-2-b: 235;\n--color-5-light-2-contrast: black;\n--color-5-light-2-contrast-darker: black;\n--color-5-light-2-text-color: var(--body-color);\n--color-5-light-3: #f5f7fa;\n--color-5-light-3-darker: #d4dde9;\n--color-5-light-3-r: 245;\n--color-5-light-3-g: 247;\n--color-5-light-3-b: 250;\n--color-5-light-3-contrast: black;\n--color-5-light-3-contrast-darker: black;\n--color-5-light-3-text-color: var(--body-color);\n--white-contrast: var(--body-color);\n--shading-contrast: var(--body-alt-color);\n--bg-contrast: var(--body-color);\n}</style><style id=\"typography\" typography=\"Normal\">\n        .u-body\n        {\n        --title-font-weight: 400;\n        --title-font-size: 4.5rem;\n        --title-line-height: 1.1;\n        --title-margin-top: 20px;\n        --title-margin-bottom: 20px;\n        --subtitle-font-weight: 400;\n        --subtitle-font-size: 2.25rem;\n        --subtitle-line-height: 1.1;\n        --subtitle-margin-top: 20px;\n        --subtitle-margin-bottom: 20px;\n        --h1-font-weight: 400;\n        --h1-font-size: 3rem;\n        --h1-line-height: 1.1;\n        --h1-margin-top: 20px;\n        --h1-margin-bottom: 20px;\n        --h2-font-weight: 400;\n        --h2-font-size: 2.25rem;\n        --h2-line-height: 1.1;\n        --h2-margin-top: 20px;\n        --h2-margin-bottom: 20px;\n        --h3-font-weight: 400;\n        --h3-font-size: 1.875rem;\n        --h3-line-height: 1.2;\n        --h3-margin-top: 20px;\n        --h3-margin-bottom: 20px;\n        --h4-font-weight: 400;\n        --h4-font-size: 1.5rem;\n        --h4-line-height: 1.2;\n        --h4-margin-top: 20px;\n        --h4-margin-bottom: 20px;\n        --h5-font-weight: 400;\n        --h5-font-size: 1.25rem;\n        --h5-line-height: 1.2;\n        --h5-margin-top: 20px;\n        --h5-margin-bottom: 20px;\n        --h6-font-weight: 400;\n        --h6-font-size: 1.125rem;\n        --h6-line-height: 1.2;\n        --h6-margin-top: 20px;\n        --h6-margin-bottom: 20px;\n        --largeText-font-size: 1.25rem;\n        --largeText-margin-top: 20px;\n        --largeText-margin-bottom: 20px;\n        --smallText-font-size: 0.875rem;\n        --smallText-margin-top: 20px;\n        --smallText-margin-bottom: 20px;\n        --text-margin-top: 20px;\n        --text-margin-bottom: 20px;\n        --hyperlink-color: var(--palette-1-base);\n        --hyperlink-alt-text-color: var(--palette-1-dark-2);\n        --hyperlink-hover-color: palette-1-base-darker;\n        --hyperlink-hover-alt-text-color: grey-30-darker;\n        --button-margin-top: 20px;\n        --button-margin-bottom: 20px;\n        --button-background-color: var(--palette-1-base);\n        --button-color: var(--black);\n        --button-hover-background-color: palette-1-base-darker;\n        --button-hover-color: black-darker;\n        --button-hover-background-color: palette-1-base-darker;\n        --button-hover-color: black-darker;\n        --button-active-background-color: palette-1-base-darker;\n        --button-active-color: black-darker;\n        --blockquote-font-style: italic;\n        --blockquote-padding-left: 20px;\n        --blockquote-border-width: 4px;\n        --blockquote-border-color: var(--palette-1-base);\n        --blockquote-margin-top: 20px;\n        --blockquote-margin-bottom: 20px;\n        --metadata-margin-top: 20px;\n        --metadata-margin-bottom: 20px;\n        --list-margin-top: 20px;\n        --list-margin-bottom: 20px;\n        --orderedlist-margin-top: 20px;\n        --orderedlist-margin-bottom: 20px;\n        --postContent-margin-top: 20px;\n        --postContent-margin-bottom: 20px;\n        --title-font-size-sm: 3.75rem;\n        --title-font-size-xs: 3rem;\n        --subtitle-font-size-xs: 1.5rem;\n        --h1-font-size-xs: 1.875rem;\n        --h2-font-size-xs: 1.5rem;\n        --h3-font-size-xs: 1.5rem;\n        }\n\n        /** common-rules **/\n        h1.u-title\n        {\n        font-weight: var(--title-font-weight);\n        font-size: var(--title-font-size);\n        line-height: var(--title-line-height);\n        margin-top: var(--title-margin-top);\n        margin-bottom: var(--title-margin-bottom);\n        }\n        h2.u-subtitle\n        {\n        font-weight: var(--subtitle-font-weight);\n        font-size: var(--subtitle-font-size);\n        line-height: var(--subtitle-line-height);\n        margin-top: var(--subtitle-margin-top);\n        margin-bottom: var(--subtitle-margin-bottom);\n        }\n        h1:not(.u-title)\n        {\n        font-weight: var(--h1-font-weight);\n        font-size: var(--h1-font-size);\n        line-height: var(--h1-line-height);\n        margin-top: var(--h1-margin-top);\n        margin-bottom: var(--h1-margin-bottom);\n        }\n        h2:not(.u-subtitle)\n        {\n        font-weight: var(--h2-font-weight);\n        font-size: var(--h2-font-size);\n        line-height: var(--h2-line-height);\n        margin-top: var(--h2-margin-top);\n        margin-bottom: var(--h2-margin-bottom);\n        }\n        h3\n        {\n        font-weight: var(--h3-font-weight);\n        font-size: var(--h3-font-size);\n        line-height: var(--h3-line-height);\n        margin-top: var(--h3-margin-top);\n        margin-bottom: var(--h3-margin-bottom);\n        }\n        h4\n        {\n        font-weight: var(--h4-font-weight);\n        font-size: var(--h4-font-size);\n        line-height: var(--h4-line-height);\n        margin-top: var(--h4-margin-top);\n        margin-bottom: var(--h4-margin-bottom);\n        }\n        h5\n        {\n        font-weight: var(--h5-font-weight);\n        font-size: var(--h5-font-size);\n        line-height: var(--h5-line-height);\n        margin-top: var(--h5-margin-top);\n        margin-bottom: var(--h5-margin-bottom);\n        }\n        h6\n        {\n        font-weight: var(--h6-font-weight);\n        font-size: var(--h6-font-size);\n        line-height: var(--h6-line-height);\n        margin-top: var(--h6-margin-top);\n        margin-bottom: var(--h6-margin-bottom);\n        }\n        p.u-large-text\n        {\n        font-size: var(--largeText-font-size);\n        margin-top: var(--largeText-margin-top);\n        margin-bottom: var(--largeText-margin-bottom);\n        }\n        p.u-small-text\n        {\n        font-size: var(--smallText-font-size);\n        margin-top: var(--smallText-margin-top);\n        margin-bottom: var(--smallText-margin-bottom);\n        }\n        p:not(.u-text-variant)\n        {\n        margin-top: var(--text-margin-top);\n        margin-bottom: var(--text-margin-bottom);\n        }\n        .u-btn\n        {\n        margin-top: var(--button-margin-top);\n        margin-bottom: var(--button-margin-bottom);\n        }\n        blockquote\n        {\n        font-style: var(--blockquote-font-style);\n        padding-left: var(--blockquote-padding-left);\n        border-width: var(--blockquote-border-width);\n        margin-top: var(--blockquote-margin-top);\n        margin-bottom: var(--blockquote-margin-bottom);\n        }\n        .u-metadata\n        {\n        margin-top: var(--metadata-margin-top);\n        margin-bottom: var(--metadata-margin-bottom);\n        }\n        ul:not(.u-unstyled)\n        {\n        margin-top: var(--list-margin-top);\n        margin-bottom: var(--list-margin-bottom);\n        }\n        ol\n        {\n        margin-top: var(--orderedlist-margin-top);\n        margin-bottom: var(--orderedlist-margin-bottom);\n        }\n        .u-post-content\n        {\n        margin-top: var(--postContent-margin-top);\n        margin-bottom: var(--postContent-margin-bottom);\n        }\n        /** common-rules **/\n\n        /** publish-rules **/\n        /*begin-media rules*/\n        @media (max-width: 767px) {\n        h1.u-title\n        {\n        font-size: var(--title-font-size-sm);\n        }\n        }\n        @media (max-width: 575px) {\n        h1.u-title\n        {\n        font-size: var(--title-font-size-xs);\n        }\n        }\n        @media (max-width: 575px) {\n        h2.u-subtitle\n        {\n        font-size: var(--subtitle-font-size-xs);\n        }\n        }\n        @media (max-width: 575px) {\n        h1:not(.u-title)\n        {\n        font-size: var(--h1-font-size-xs);\n        }\n        }\n        @media (max-width: 575px) {\n        h2:not(.u-subtitle)\n        {\n        font-size: var(--h2-font-size-xs);\n        }\n        }\n        @media (max-width: 575px) {\n        h3\n        {\n        font-size: var(--h3-font-size-xs);\n        }\n        }\n        /*end-media rules*/\n        /** publish-rules **/\n\n        \n\n        /** cms-rules **/\n        /*begin-responsive rules*/\n        .u-sm h1.u-title\n        {\n        font-size: var(--title-font-size-sm);\n        }\n        .u-xs h1.u-title\n        {\n        font-size: var(--title-font-size-xs);\n        }\n        .u-xs h2.u-subtitle\n        {\n        font-size: var(--subtitle-font-size-xs);\n        }\n        .u-xs h1:not(.u-title)\n        {\n        font-size: var(--h1-font-size-xs);\n        }\n        .u-xs h2:not(.u-subtitle)\n        {\n        font-size: var(--h2-font-size-xs);\n        }\n        .u-xs h3\n        {\n        font-size: var(--h3-font-size-xs);\n        }\n        /*end-responsive rules*/\n        /** cms-rules **/\n\n        /** color-rules **/\n        .u-overlap.u-overlap-transparent:not(.u-overlap-contrast) .u-header :not(.u-nav-item) > a,\n        .u-gradient > .u-container-layout > a,\n        .u-image:not(.u-shading) > .u-container-layout > a,\n        a\n        {\n        color: var(--hyperlink-color);\n        }\n        .u-overlap.u-overlap-transparent:not(.u-overlap-contrast) .u-header :not(.u-nav-item) > a:hover,\n        .u-gradient > .u-container-layout > a:hover,\n        .u-image:not(.u-shading) > .u-container-layout > a:hover,\n        a:hover\n        {\n        color: var(--hyperlink-hover-color);\n        }\n        .u-overlap.u-overlap-transparent:not(.u-overlap-contrast) .u-header :not(.u-nav-item) > .u-btn,\n        .u-gradient > .u-container-layout > .u-btn,\n        .u-image:not(.u-shading) > .u-container-layout > .u-btn,\n        .u-btn\n        {\n        background-color: var(--button-background-color);\n        color: var(--button-color);\n        }\n        .u-overlap.u-overlap-transparent:not(.u-overlap-contrast) .u-header :not(.u-nav-item) > .u-btn:hover,\n        .u-gradient > .u-container-layout > .u-btn:hover,\n        .u-image:not(.u-shading) > .u-container-layout > .u-btn:hover,\n        .u-btn:hover\n        {\n        background-color: var(--button-hover-background-color);\n        color: var(--button-hover-color);\n        }\n        .u-overlap.u-overlap-transparent:not(.u-overlap-contrast) .u-header :not(.u-nav-item) > .u-btn:focus,\n        .u-gradient > .u-container-layout > .u-btn:focus,\n        .u-image:not(.u-shading) > .u-container-layout > .u-btn:focus,\n        .u-btn:focus\n        {\n        background-color: var(--button-hover-background-color);\n        color: var(--button-hover-color);\n        }\n        .u-overlap.u-overlap-transparent:not(.u-overlap-contrast) .u-header :not(.u-nav-item) > .u-btn:active,\n        .u-gradient > .u-container-layout > .u-btn:active,\n        .u-image:not(.u-shading) > .u-container-layout > .u-btn:active,\n        .u-btn:active\n        {\n        background-color: var(--button-active-background-color);\n        color: var(--button-active-color);\n        }\n        .u-overlap.u-overlap-transparent:not(.u-overlap-contrast) .u-header :not(.u-nav-item) > blockquote,\n        .u-gradient > .u-container-layout > blockquote,\n        .u-image:not(.u-shading) > .u-container-layout > blockquote,\n        blockquote\n        {\n        border-color: var(--blockquote-border-color);\n        }\n        /** color-rules **/\n\n        /** alt-color-rules **/\n        .u-shading a,.u-overlap-contrast .u-header a:not(.u-nav-link):not(.u-btn)\n        {\n        color: var(--hyperlink-alt-text-color);\n        }\n        /** alt-color-rules **/\n    </style><style id=\"font-scheme\" font-scheme=\"Roboto-OpenSans\" heading-font=\"Roboto,sans-serif\" text-font=\"'Open Sans',sans-serif\">.u-body {\n   --text-font: 'Open Sans',sans-serif;\n   --heading-font: Roboto,sans-serif;\n}</style>","appVersion":"4.3.0","isTrial":false}